항만,시설이용구분,시설구분,시설명,선석 구분,코드
부산항,계류시설 M,선석 B,1부두,10선석,MB1-00
부산항,계류시설 M,선석 B,1부두,11선석,MB1-01
부산항,계류시설 M,선석 B,1부두,12선석,MB1-02
부산항,계류시설 M,선석 B,1부두,13선석,MB1-03
부산항,계류시설 M,선석 B,1부두,14선석,MB1-04
부산항,계류시설 M,선석 B,1부두,15선석,MB1-05
부산항,계류시설 M,선석 B,양곡부두(구 5부두),51선석,MB5-01
부산항,계류시설 M,선석 B,양곡부두(구 5부두),52선석,MB5-02
부산항,계류시설 M,선석 B,자성대부두(구6부두),61선석,MB6-01
부산항,계류시설 M,선석 B,자성대부두(구6부두),62선석,MB6-02
부산항,계류시설 M,선석 B,자성대부두(구6부두),63선석,MB6-03
부산항,계류시설 M,선석 B,자성대부두(구6부두),64선석,MB6-04
부산항,계류시설 M,선석 B,자성대부두(구6부두),65선석,MB6-05
부산항,계류시설 M,선석 B,7부두,71선석,MB7-01
부산항,계류시설 M,선석 B,7부두,72선석,MB7-02
부산항,계류시설 M,선석 B,7부두,73선석,MB7-03
부산항,계류시설 M,선석 B,7부두,74선석,MB7-04
부산항,계류시설 M,선석 B,우암부두,75선석,MB7-05
부산항,계류시설 M,선석 B,우암부두,76선석,MB7-06
부산항,계류시설 M,선석 B,8부두,81선석,MB8-01
부산항,계류시설 M,선석 B,8부두,82선석,MB8-02
부산항,계류시설 M,선석 B,8부두,83선석,MB8-03
부산항,계류시설 M,선석 B,8부두,84선석,MB8-04
부산항,계류시설 M,선석 B,8부두,85선석,MB8-05
부산항,계류시설 M,선석 B,8부두,86선석,MB8-06
부산항,계류시설 M,선석 B,동백섬 위험물 취급부두,,MBB-01
부산항,계류시설 M,선석 B,동명부두,D1선석,MBD-01
부산항,계류시설 M,선석 B,동명부두,D2선석,MBD-02
부산항,계류시설 M,선석 B,동명부두,D3선석,MBD-03
부산항,계류시설 M,선석 B,동명부두,D4선석,MBD-04
부산항,계류시설 M,선석 B,감만부두,동측암벽 1선석,MBE-Q1
부산항,계류시설 M,선석 B,감만부두,동측암벽 2선석,MBE-Q2
부산항,계류시설 M,선석 B,감만부두 동측안벽 3선석(SK돌핀),,MBE-Q3
부산항,계류시설 M,선석 B,신 국제여객 터미널,1선석,MBF-01
부산항,계류시설 M,선석 B,신 국제여객 터미널,2선석,MBF-02
부산항,계류시설 M,선석 B,신 국제여객 터미널,3선석,MBF-03
부산항,계류시설 M,선석 B,신 국제여객 터미널,4선석,MBF-04
부산항,계류시설 M,선석 B,신 국제여객 터미널,5선석,MBF-05
부산항,계류시설 M,선석 B,신 국제여객 터미널,6선석,MBF-06
부산항,계류시설 M,선석 B,신 국제여객 터미널,7선석,MBF-07
부산항,계류시설 M,선석 B,신 국제여객 터미널,8선석,MBF-08
부산항,계류시설 M,선석 B,신 국제여객 터미널,9선석,MBF-09
부산항,계류시설 M,선석 B,신 국제여객 터미널,10선석,MBF-10
부산항,계류시설 M,선석 B,신 국제여객 터미널,11선석,MBF-11
부산항,계류시설 M,선석 B,신 국제여객 터미널,12선석,MBF-12
부산항,계류시설 M,선석 B,신 국제여객 터미널,13선석,MBF-13
부산항,계류시설 M,선석 B,신 국제여객 터미널,14선석,MBF-14
부산항,계류시설 M,선석 B,소형선부두,1,MBG-01
부산항,계류시설 M,선석 B,소형선부두,2,MBG-02
부산항,계류시설 M,선석 B,소형선부두,3,MBG-03
부산항,계류시설 M,선석 B,소형선부두,4,MBG-04
부산항,계류시설 M,선석 B,소형선부두,5,MBG-05
부산항,계류시설 M,선석 B,한국해양대학부두,,MBH-01
부산항,계류시설 M,선석 B,관공선 부두,,MBK-01
부산항,계류시설 M,선석 B,미원안벽,,MBM-01
부산항,계류시설 M,선석 B,을숙도,,MBN-01
부산항,계류시설 M,선석 B,명 지,,MBN-02
부산항,계류시설 M,선석 B,용호만 매립부두,,MBO-01
부산항,계류시설 M,선석 B,백운포 매립부두(해군작전사령부),,MBO-02
부산항,계류시설 M,선석 B,연안여객부두,P1선석,MBP-01
부산항,계류시설 M,선석 B,연안여객부두,P2선석,MBP-02
부산항,계류시설 M,선석 B,연안여객부두,P3선석,MBP-03
부산항,계류시설 M,선석 B,연안여객부두,P4선석,MBP-04
부산항,계류시설 M,선석 B,연안여객부두,P5선석,MBP-05
부산항,계류시설 M,선석 B,연안여객부두,P6선석,MBP-06
부산항,계류시설 M,선석 B,연안여객부두,P7선석,MBP-07
부산항,계류시설 M,선석 B,연안여객부두,P8선석,MBP-08
부산항,계류시설 M,선석 B,연안여객부두,P9선석,MBP-09
부산항,계류시설 M,선석 B,연안여객부두,P10선석,MBP-10
부산항,계류시설 M,선석 B,연안여객부두,P11선석,MBP-11
부산항,계류시설 M,선석 B,연안여객부두,P12선석,MBP-12
부산항,계류시설 M,선석 B,연안여객부두,P13선석,MBP-13
부산항,계류시설 M,선석 B,용호부두,,MBQ-01
부산항,계류시설 M,선석 B,감만 부두,1선석,MBR-01
부산항,계류시설 M,선석 B,감만 부두,2선석,MBR-02
부산항,계류시설 M,선석 B,감만 부두,2선석,MBR-02
부산항,계류시설 M,선석 B,감만 부두,3선석,MBR-03
부산항,계류시설 M,선석 B,감만 부두,4선석,MBR-04
부산항,계류시설 M,선석 B,감만 부두,5선석,MBR-04
부산항,계류시설 M,선석 B,신 감만 부두,1선석,MBR-E1
부산항,계류시설 M,선석 B,신 감만 부두,2선석,MBR-E2
부산항,계류시설 M,선석 B,신 감만 부두,3선석,MBR-E3
부산항,계류시설 M,선석 B,"신선대부두(현, 대한통운 부두)",1선석,MBS-01
부산항,계류시설 M,선석 B,"신선대부두(현, 대한통운 부두)",2선석,MBS-02
부산항,계류시설 M,선석 B,"신선대부두(현, 대한통운 부두)",3선석,MBS-03
부산항,계류시설 M,선석 B,"신선대부두(현, 대한통운 부두)",4선석,MBS-04
부산항,계류시설 M,선석 B,"신선대부두(현, 대한통운 부두)",5선석,MBS-05
부산항,계류시설 M,선석 B,신선대 행정선 부두,,MBS-SA
부산항,계류시설 M,선석 B,연합부두 연1선석,,MBU-01
부산항,계류시설 M,선석 B,연합부두 연2선석,,MBU-02
부산항,계류시설 M,선석 B,감천동원부두 1선석,,MBW-01
부산항,계류시설 M,선석 B,감천동원부두 2선석,,MBW-02
부산항,계류시설 M,선석 B,국제크루즈부두,,MBY-01
부산항,계류시설 M,선석 B,미행부두2번선석,,MBY-02
부산항,계류시설 M,선석 B,미행부두3번선석,,MBY-03
부산항,계류시설 M,선석 B,감천한전부두 안벽,,MBZ-01
부산항,계류시설 M,돌핀 D,다대포조선소,,MDD-01
부산항,계류시설 M,돌핀 D,동삼동 매립지 앞 해상,,MDJ-01
부산항,계류시설 M,돌핀 D,연합돌핀,,MDU-01
부산항,계류시설 M,돌핀 D,영도(KOCO) 돌핀,,MDY-01
부산항,계류시설 M,잔교 F,신항 다목적부두 연결잔교,,MFL-01
부산항,계류시설 M,선석 K,감천 1 부두,1 선석,MK1-01
부산항,계류시설 M,선석 K,감천 1 부두,2 선석,MK1-02
부산항,계류시설 M,선석 K,감천 1 부두,3 선석,MK1-03
부산항,계류시설 M,선석 K,감천 1 부두,4 선석,MK1-04
부산항,계류시설 M,선석 K,감천 2 부두,1 선석,MK2-01
부산항,계류시설 M,선석 K,감천 2 부두,2 선석,MK2-02
부산항,계류시설 M,선석 K,감천 2 부두,3 선석,MK2-03
부산항,계류시설 M,선석 K,감천 2 부두,4 선석,MK2-04
부산항,계류시설 M,선석 K,감천 3 부두,1 선석,MK3-01
부산항,계류시설 M,선석 K,감천 3 부두,2 선석,MK3-02
부산항,계류시설 M,선석 K,감천 3 부두,3 선석,MK3-03
부산항,계류시설 M,선석 K,감천 3 부두,4 선석,MK3-04
부산항,계류시설 M,선석 K,감천 4 부두,1 선석,MK4-01
부산항,계류시설 M,선석 K,감천 4 부두,2 선석,MK4-02
부산항,계류시설 M,선석 K,감천 4 부두,3 선석,MK4-03
부산항,계류시설 M,선석 K,감천 4 부두,4 선석,MK4-04
부산항,계류시설 M,선석 K,감천 4 부두,5 선석,MK4-05
부산항,계류시설 M,선석 K,감천 5 부두,1 선석,MK5-01
부산항,계류시설 M,선석 K,감천 5 부두,2 선석,MK5-02
부산항,계류시설 M,선석 K,감천 5 부두,3 선석,MK5-03
부산항,계류시설 M,선석 K,감천 5 부두,4 선석,MK5-04
부산항,계류시설 M,선석 K,삼경안벽,,MK5-05
부산항,계류시설 M,선석 K,쌍용안벽,,MK5-06
부산항,계류시설 M,선석 K,해양조선,,MK5-07
부산항,계류시설 M,선석 K,감천 6 부두,1 선석,MK6-01
부산항,계류시설 M,선석 K,감천 6 부두,2 선석,MK6-02
부산항,계류시설 M,선석 K,감천 6 부두,3 선석,MK6-03
부산항,계류시설 M,선석 K,감천 7 부두,1 선석,MK7-01
부산항,계류시설 M,선석 K,감천 7 부두,2 선석,MK7-02
부산항,계류시설 M,선석 K,감천 중앙부두,1 선석,MKC-01
부산항,계류시설 M,선석 K,감천 중앙부두,2 선석,MKC-02
부산항,계류시설 M,선석 K,감천 중앙부두,3 선석,MKC-03
부산항,계류시설 M,선석 K,감천 중앙부두,4 선석,MKC-04
부산항,계류시설 M,선석 K,감천 중앙부두,5 선석,MKC-05
부산항,계류시설 M,선석 K,감천 중앙부두,A 선석,MKC-SA
부산항,계류시설 M,선석 K,다대부두,1 선석,MKD-01
부산항,계류시설 M,선석 K,다대부두,2 선석,MKD-02
부산항,계류시설 M,선석 K,감천 서방파제,1 선석,MKW-01
부산항,계류시설 M,선석 K,감천 서방파제,2 선석,MKW-02
부산항,계류시설 M,선석 K,감천 서방파제,3 선석,MKW-03
부산항,계류시설 M,안벽 Q,삼한안벽-01,,MQA-01
부산항,계류시설 M,안벽 Q,삼한안벽-02,,MQA-02
부산항,계류시설 M,안벽 Q,삼한안벽-03,,MQA-03
부산항,계류시설 M,안벽 Q,삼한안벽-04,,MQA-04
부산항,계류시설 M,안벽 Q,부산 수리조선 안벽,,MQB-01
부산항,계류시설 M,안벽 Q,한진 중공업 안벽,,MQC-01
부산항,계류시설 M,안벽 Q,대선조선안벽,,MQD-01
부산항,계류시설 M,안벽 Q,감천선기조합,안벽 - 1,MQF-01
부산항,계류시설 M,안벽 Q,조선소,안벽 - 2 ,MQF-02
부산항,계류시설 M,안벽 Q,경남조선안벽,,MQG-01
부산항,계류시설 M,안벽 Q,다대항 대선조선 매립지 안벽(사설),,MQH-01
부산항,계류시설 M,안벽 Q,북항 한진종합건설 부두,,MQH-02
부산항,계류시설 M,안벽 Q,동아수산안벽,,MQI-01
부산항,계류시설 M,안벽 Q,준설공사 안벽,,MQJ-01
부산항,계류시설 M,안벽 Q,극동쉘(현대정유) 안벽,,MQK-01
부산항,계류시설 M,안벽 Q,동일조선안벽-02,,MQL-02
부산항,계류시설 M,안벽 Q,모던부두,,MQM-01
부산항,계류시설 M,안벽 Q,감천 강남조선안벽-01,,MQN-01
부산항,계류시설 M,안벽 Q,미창석유안벽,,MQO-01
부산항,계류시설 M,안벽 Q,부산조선2안벽,,MQP-01
부산항,계류시설 M,안벽 Q,호회냉동안벽,,MQQ-01
부산항,계류시설 M,안벽 Q,성창기업 안벽,,MQS-01
부산항,계류시설 M,안벽 Q,동국제강안벽,,MQT-01
부산항,계류시설 M,안벽 Q,부광조선 2안벽,,MQU-01
부산항,계류시설 M,안벽 Q,감천한전안벽,,MQZ-01
부산항,계류시설 M,안벽 Q,감천항 기타안벽(돌핀),,MQZ-88
부산항,계류시설 M,안벽 Q,기타안벽,,MQZ-99
부산항,계류시설 M,선석 S,신항1부두,1부두 1선석,MSN-01
부산항,계류시설 M,선석 S,신항2부두,1부두 2선석,MSN-02
부산항,계류시설 M,선석 S,신항3부두,1부두 3선석,MSN-03
부산항,계류시설 M,선석 S,신항2부두,2부두 1선석,MSN-04
부산항,계류시설 M,선석 S,신항3부두,2부두 2선석,MSN-05
부산항,계류시설 M,선석 S,신항4부두,2부두 3선석,MSN-06
부산항,계류시설 M,선석 S,신항5부두,2부두 4선석,MSN-07
부산항,계류시설 M,선석 S,신항6부두,2부두 5선석,MSN-08
부산항,계류시설 M,선석 S,신항7부두,2부두 6선석,MSN-09
부산항,계류시설 M,선석 S,신항3부두,3부두 1선석,MS3-01
부산항,계류시설 M,선석 S,신항4부두,3부두 2선석,MS3-02
부산항,계류시설 M,선석 S,신항5부두,3부두 3선석,MS3-03
부산항,계류시설 M,선석 S,신항6부두,3부두 4선석,MS3-04
부산항,계류시설 M,선석 S,신항4부두,4부두 1선석,MS4-01
부산항,계류시설 M,선석 S,신항5부두,4부두 2선석,MS4-02
부산항,계류시설 M,선석 S,신항6부두,4부두 3선석,MS4-03
부산항,계류시설 M,선석 S,신항7부두,4부두 4선석,MS4-04
부산항,계류시설 M,선석 S,신항5부두,5부두 1선석,MS5-01
부산항,계류시설 M,선석 S,신항6부두,5부두 2선석,MS5-02
부산항,계류시설 M,선석 S,신항7부두,5부두 3선석,MS5-03
부산항,계류시설 M,선석 S,신항8부두,5부두 4선석,MS5-04
부산항,계류시설 M,선석 S,신항6부두,6부두 1선석,MS6-01
부산항,계류시설 M,선석 S,신항7부두,6부두 1선석,MS6-02
부산항,계류시설 M,선석 S,신항8부두,6부두 1선석,MS6-03
부산항,계류시설 M,선석 S,신항 다목적부두,,MSL-01
부산항,계류시설 M,소형선부두 W,1물량장 1선석,,MW1-01
부산항,계류시설 M,소형선부두 W,2물량장 1선석,,MW2-01
부산항,계류시설 M,소형선부두 W,3물량장 1선석,,MW3-01
부산항,계류시설 M,소형선부두 W,4물량장 1선석,,MW4-01
부산항,계류시설 M,소형선부두 W,5물량장 1선석,,MW5-01
부산항,계류시설 M,소형선부두 W,봉래동물량장,,MWB-01
부산항,계류시설 M,소형선부두 W,동삼 물양장,,MWD-01
부산항,계류시설 M,소형선부두 W,감천 중앙부두 물량장-01,,MWK-01
부산항,계류시설 M,소형선부두 W,감천 중앙부두 물량장-02,,MWK-02
부산항,계류시설 M,소형선부두 W,감만시민(역무선)부두,,MWN-01
부산항,계류시설 M,소형선부두 W,세관물량장,,MWS-01
부산항,계류시설 M,조선소 Y,한진 중공업 조선소,,MYC-01
부산항,계류시설 M,조선소 Y,대선조선소,,MYD-01
부산항,계류시설 M,조선소 Y,선기조합조선소,1,MYF-01
부산항,계류시설 M,조선소 Y,선기조합조선소,2,MYF-02
부산항,계류시설 M,조선소 Y,선기조합조선소,3,MYF-03
부산항,계류시설 M,조선소 Y,선기조합조선소,4,MYF-04
부산항,계류시설 M,조선소 Y,선기조합조선소,5,MYF-05
부산항,계류시설 M,조선소 Y,선기조합조선소,6,MYF-06
부산항,계류시설 M,조선소 Y,선기조합조선소,7,MYF-07
부산항,계류시설 M,조선소 Y,선기조합조선소,8,MYF-08
부산항,계류시설 M,조선소 Y,선기조합조선소,9,MYF-09
부산항,계류시설 M,조선소 Y,선기조합조선소,10,MYF-10
부산항,계류시설 M,조선소 Y,선기조합조선소,11,MYF-11
부산항,계류시설 M,조선소 Y,셔우드코리아,,MYF-12
부산항,계류시설 M,조선소 Y,경남조선소,,MYG-01
부산항,계류시설 M,조선소 Y,동아수산조선소,,MYI-01
부산항,계류시설 M,조선소 Y,동일 조선소,,MYL-01
부산항,계류시설 M,조선소 Y,강남조선소,,MYN-01
부산항,계류시설 M,조선소 Y,부산조선안벽,,MYP-01
부산항,계류시설 M,조선소 Y,기타 북항사설 조선소,,MYQ-01
부산항,기타,기타,동명호안,,OLD-01
부산항,기타,기타,고려 종합운수 호안,,OLG-01
부산항,기타,기타,청학안벽,,OLH-01
부산항,기타,기타,적기호안,,OLJ-01
부산항,기타,기타,감만동호안,,OLM-01
부산항,기타,기타,동삼안벽,,OLS-01
부산항,기타,기타,대교동호안,,OLT-01
부산항,기타,기타,영도대교호안,,OLY-01
부산항,수역 W,박지 A,A 박지,A1 묘지,WAA-01
부산항,수역 W,박지 A,A 박지,A2 묘지,WAA-02
부산항,수역 W,박지 A,A 박지,A3 묘지,WAA-03
부산항,수역 W,박지 A,A 박지,A4 묘지,WAA-04
부산항,수역 W,박지 A,A 박지,A6 묘지,WAA-06
부산항,수역 W,박지 A,다대포 다대박지,,WAD-01
부산항,수역 W,박지 A,E 박지,E1 묘지,WAE-01
부산항,수역 W,박지 A,E 박지,E2 묘지,WAE-02
부산항,수역 W,박지 A,검역(3천톤이상),,WAG-01
부산항,수역 W,박지 A,효동박지,,WAH-01
부산항,수역 W,박지 A,감천항,K박지 K1,WAK-01
부산항,수역 W,박지 A,감천항,K박지 K2,WAK-02
부산항,수역 W,박지 A,감천항경도박지,,WAK-03
부산항,수역 W,박지 A,감천항,K박지 K4,WAK-04
부산항,수역 W,박지 A,감천항,K박지 K5,WAK-05
부산항,수역 W,박지 A,감천항,K박지 K6,WAK-06
부산항,수역 W,박지 A,감천항,K박지 K7,WAK-07
부산항,수역 W,박지 A,M 묘지,M7 묘지,WAM-07
부산항,수역 W,박지 A,M 묘지,M8 묘지,WAM-08
부산항,수역 W,박지 A,M 묘지,M9 묘지,WAM-09
부산항,수역 W,박지 A,M 묘지,동명해상 앞,WAM-12
부산항,수역 W,박지 A,남외항,N1 박지,WAN-01
부산항,수역 W,박지 A,남외항,N2 박지,WAN-02
부산항,수역 W,박지 A,남외항,N3 박지,WAN-03
부산항,수역 W,박지 A,남외항,N4 박지,WAN-04
부산항,수역 W,박지 A,남외항,N5 박지,WAN-05
부산항,수역 W,박지 A,남외항,검역박지,WAN-99
부산항,수역 W,박지 A,O 박지,O1 묘지,WAO-01
부산항,수역 W,박지 A,O 박지,O2 묘지,WAO-02
부산항,수역 W,박지 A,수영박지(집단박지),,WAS-01
부산항,수역 W,박지 A,신항,U-1 정박지,WAU-01
부산항,수역 W,박지 A,신항,U-2 정박지,WAU-02
부산항,수역 W,박지 A,신항,U-3 정박지,WAU-03
부산항,수역 W,박지 A,신항,U-4 정박지,WAU-04
부산항,수역 W,박지 A,신항,U-5 정박지,WAU-05
부산항,수역 W,박지 A,신항,U-6 정박지,WAU-06
부산항,수역 W,박지 A,신항,W-1 정박지,WAW-01
부산항,수역 W,박지 A,신항,W-2 정박지,WAW-02
부산항,수역 W,박지 A,감천집단계류지,,WAY-01
부산항,수역 W,박지 A,기타정박지,,WAZ-99
부산항,수역 W,기타,제1도선점,,WPS-01
부산항,수역 W,기타,제2도선점,,WPS-02
부산항,기타,기타,욕망산 사석 적출장,,*AG-01
부산항,기타,기타,남측 컨테이너 배후단지,,*BH-01
부산항,기타,기타,선진조선,,*DL-01
부산항,기타,기타,선진2조선,,*DP-01
부산항,기타,기타,동성조선,,*DS-01
부산항,기타,기타,복합레저단지,,*EF-01
부산항,기타,기타,진양조선,,*GY-01
부산항,기타,기타,일자방파제,,*IJ-01
부산항,기타,기타,자갈치,,*JG-01
부산항,기타,기타,조양조선,,*JY-01
부산항,기타,기타,과학조선,,*KH-01
부산항,기타,기타,남부민동호안,,*LB-01
부산항,기타,기타,충무동호안,,*LC-01
부산항,기타,기타,경남진흥호안,,*LK-01
부산항,기타,기타,남항동호안,,*LN-01
부산항,기타,기타,대평동호안,,*LP-01
부산항,기타,기타,남부민방파제,,*NB-01
부산항,기타,기타,남항 조선,,*NH-01
부산항,기타,기타,남양조선,,*NY-01
부산항,기타,기타,서축 컨테이너 2-5단계,,*S2-05
부산항,기타,기타,신항 2-6단계 축조공사,,*S2-06
부산항,기타,기타,서측 컨테이너 3단계,,*S3-01
부산항,기타,기타,송도 투기장,,*SD-01
부산항,기타,기타,서측 컨테이너 북측피더,,*SF-01
부산항,기타,기타,삼화조선,,*SH-01
부산항,기타,기타,삼영조선,,*SY-01
부산항,기타,기타,공동어시장앞물량장,,*WG-01
부산항,기타,기타,남항 물량장,,*WN-01
부산항,기타,기타,영도수산진흥원 물량장,,*WY-01
부산항,기타,기타,영도조선,,*YD-01
부산항,기타,기타,기타 남항 사설조선소,,*YQ-01
인천항,계류시설 M,선석 B,내항 1부두,10 선석,MB1-00
인천항,계류시설 M,선석 B,내항 2부두,11 선석,MB1-01
인천항,계류시설 M,선석 B,내항 3부두,12 선석,MB1-02
인천항,계류시설 M,선석 B,내항 4부두,13 선석,MB1-03
인천항,계류시설 M,선석 B,내항 5부두,14 선석,MB1-04
인천항,계류시설 M,선석 B,내항 6부두,15 선석,MB1-05
인천항,계류시설 M,선석 B,내항 7부두,16 선석,MB1-06
인천항,계류시설 M,선석 B,내항 8부두,17 선석,MB1-07
인천항,계류시설 M,선석 B,내항 9부두,18 선석,MB1-08
인천항,계류시설 M,선석 B,내항 10부두,19 선석,MB1-09
인천항,계류시설 M,선석 B,내항 2부두,20 선석,MB2-00
인천항,계류시설 M,선석 B,내항 3부두,21 선석,MB2-01
인천항,계류시설 M,선석 B,내항 4부두,22 선석,MB2-02
인천항,계류시설 M,선석 B,내항 5부두,23 선석,MB2-03
인천항,계류시설 M,선석 B,내항 6부두,24 선석,MB2-04
인천항,계류시설 M,선석 B,내항 7부두,25 선석,MB2-05
인천항,계류시설 M,선석 B,내항 8부두,26 선석,MB2-06
인천항,계류시설 M,선석 B,내항 3부두,30 선석,MB3-00
인천항,계류시설 M,선석 B,내항 4부두,31 선석,MB3-01
인천항,계류시설 M,선석 B,내항 5부두,32 선석,MB3-02
인천항,계류시설 M,선석 B,내항 6부두,33 선석,MB3-03
인천항,계류시설 M,선석 B,내항 7부두,34 선석,MB3-04
인천항,계류시설 M,선석 B,내항 8부두,35 선석,MB3-05
인천항,계류시설 M,선석 B,내항 9부두,36 선석,MB3-06
인천항,계류시설 M,선석 B,내항 4부두,40 선석,MB4-00
인천항,계류시설 M,선석 B,내항 5부두,41 선석,MB4-01
인천항,계류시설 M,선석 B,내항 6부두,42 선석,MB4-02
인천항,계류시설 M,선석 B,내항 7부두,43 선석,MB4-03
인천항,계류시설 M,선석 B,내항 8부두,44 선석,MB4-04
인천항,계류시설 M,선석 B,내항 5 부두,50 선석,MB5-00
인천항,계류시설 M,선석 B,내항 6 부두,51 선석,MB5-01
인천항,계류시설 M,선석 B,내항 7 부두,52 선석,MB5-02
인천항,계류시설 M,선석 B,내항 8 부두,53 선석,MB5-03
인천항,계류시설 M,선석 B,내항 6 부두,60 선석,MB6-00
인천항,계류시설 M,선석 B,내항 7 부두,61 선석,MB6-01
인천항,계류시설 M,선석 B,내항 8 부두,62 선석,MB6-02
인천항,계류시설 M,선석 B,내항 9 부두,63 선석,MB6-03
인천항,계류시설 M,선석 B,내항 10 부두,64 선석,MB6-04
인천항,계류시설 M,선석 B,내항 11 부두,65 선석,MB6-05
인천항,계류시설 M,선석 B,내항 7 부두,70 선석,MB7-00
인천항,계류시설 M,선석 B,내항 8 부두,71 선석,MB7-01
인천항,계류시설 M,선석 B,내항 9 부두,72 선석,MB7-02
인천항,계류시설 M,선석 B,내항 10 부두,73 선석,MB7-03
인천항,계류시설 M,선석 B,내항 8 부두,82 선석,MB8-02
인천항,계류시설 M,선석 B,내항 9 부두,84 선석,MB8-04
인천항,계류시설 M,선석 B,송도 한국가스공사 B/C부두,,MBA-01
인천항,계류시설 M,선석 B,북항 동원로엑스 부두 ,1 선석,MBB-01
인천항,계류시설 M,선석 B,북항 동원로엑스 부두 ,2 선석,MBB-02
인천항,계류시설 M,선석 B,북항 동원로엑스 부두 ,3 선석,MBB-03
인천항,계류시설 M,선석 B,남항 E1컨테이너부두,,MBE-01
인천항,계류시설 M,선석 B,북항 대주중공업 부두,1선석,MBG-01
인천항,계류시설 M,선석 B,북항 대주중공업 부두,2선석,MBG-02
인천항,계류시설 M,선석 B,북항 대주중공업 부두,3선석,MBG-03
인천항,계류시설 M,선석 B,북항 현대제철 부두,1 선석,MBH-01
인천항,계류시설 M,선석 B,북항 현대제철 부두,2 선석,MBH-02
인천항,계류시설 M,선석 B,남항 인천 컨테이너터미널,1 부두,MBI-01
인천항,계류시설 M,선석 B,남항 인천 컨테이너터미널,2 부두,MBI-02
인천항,계류시설 M,선석 B,북항 동국제강부두 1선석,,MBJ-01
인천항,계류시설 M,선석 B,북항 다목적부두 1선석,,MBK-01
인천항,계류시설 M,선석 B,북항 만석부두,,MBM-01
인천항,계류시설 M,선석 B,남항 남항부두,,MBN-01
인천항,계류시설 M,선석 B,연안항 연안,1부두,MBP-01
인천항,계류시설 M,선석 B,연안항 연안,2부두,MBP-02
인천항,계류시설 M,선석 B,연안항 연안,3부두,MBP-03
인천항,계류시설 M,선석 B,연안항 연안,4부두,MBP-04
인천항,계류시설 M,선석 B,남항 크루즈부두,,MBP-10
인천항,계류시설 M,선석 B,남항 신국제여객부두,1선석,MBP-11
인천항,계류시설 M,선석 B,남항 신국제여객부두,2선석,MBP-12
인천항,계류시설 M,선석 B,남항 신국제여객부두,3선석,MBP-13
인천항,계류시설 M,선석 B,남항 신국제여객부두,4선석,MBP-14
인천항,계류시설 M,선석 B,남항 신국제여객부두,5선석,MBP-15
인천항,계류시설 M,선석 B,남항 신국제여객부두,6선석,MBP-16
인천항,계류시설 M,선석 B,남항 신국제여객부두,7선석,MBP-17
인천항,계류시설 M,선석 B,남항 영진부두,,MBR-01
인천항,계류시설 M,선석 B,북항부두(북성동): 선광공사,,MBS-01
인천항,계류시설 M,선석 B,북항 대한통운부두 ,1선석,MBU-01
인천항,계류시설 M,선석 B,북항 대한통운부두 ,2선석,MBU-02
인천항,계류시설 M,선석 B,북항 아이엔티시부두 ,1선석,MBW-01
인천항,계류시설 M,선석 B,북항 아이엔티시부두 ,2선석,MBW-02
인천항,계류시설 M,선석 B,북항 동방부두 ,1선석,MBX-01
인천항,계류시설 M,선석 B,북항 동방부두 ,2선석,MBX-02
인천항,계류시설 M,선석 B,북항 동방부두 ,3선석,MBX-03
인천항,계류시설 M,선석 B,연안항 연안부두,,MBY-01
인천항,계류시설 M,선석 B,거첨도 삼표모래부두,,MBZ-01
인천항,계류시설 M,선석 B,거첨도 선광모래부두,,MBZ-02
인천항,계류시설 M,돌핀 D,연안항 S-OIL 돌핀 ,,MDD-01
인천항,계류시설 M,돌핀 D,연안항 S-OIL 돌핀(LPG),,MDD-02
인천항,계류시설 M,돌핀 D,남항 쌍용양회 돌핀,,MDD-03
인천항,계류시설 M,돌핀 D,송도 E1 돌핀,,MDE-03
인천항,계류시설 M,돌핀 D,북항 GS칼텍스 돌핀,,MDH-01
인천항,계류시설 M,돌핀 D,북항 대한항공 돌핀,,MDJ-01
인천항,계류시설 M,돌핀 D,북항 SK인천석유화학,제1돌핀,MDK-01
인천항,계류시설 M,돌핀 D,북항 SK인천석유화학,제2돌핀,MDK-02
인천항,계류시설 M,돌핀 D,북항 SK인천석유화학,제3돌핀,MDK-03
인천항,계류시설 M,돌핀 D,북항 SK인천석유화학,제4돌핀,MDK-04
인천항,계류시설 M,돌핀 D,남항 한일탱크돌핀(1),,MDL-01
인천항,계류시설 M,돌핀 D,남항 한일탱크돌핀(2),,MDL-02
인천항,계류시설 M,돌핀 D,송도 한국가스공사,1돌핀,MDN-01
인천항,계류시설 M,돌핀 D,송도 한국가스공사,2돌핀,MDN-02
인천항,계류시설 M,돌핀 D,남항 삼표시멘트돌핀,,MDO-01
인천항,계류시설 M,돌핀 D,남항 한라시멘트돌핀,,MDR-01
인천항,계류시설 M,돌핀 D,남항 (구)대한통운부두,,MDT-01
인천항,계류시설 M,돌핀 D,영흥도 영흥화력,1돌핀,MDU-01
인천항,계류시설 M,돌핀 D,영흥도 영흥화력,2돌핀,MDU-02
인천항,계류시설 M,돌핀 D,영흥도 영흥화력,3돌핀,MDU-03
인천항,계류시설 M,돌핀 D,남항 한일·대우시멘트돌핀,,MDW-01
인천항,계류시설 M,돌핀 D,북항 현대오일뱅크돌핀,,MDX-01
인천항,계류시설 M,돌핀 D,연안항 GS돌핀 (1),,MDY-01
인천항,계류시설 M,돌핀 D,연안항 GS돌핀 (2),,MDY-02
인천항,계류시설 M,돌핀 D,연안항 GS돌핀 (3),,MDY-03
인천항,계류시설 M,잔교 F,연안항 역무선부두 잔교,,MFG-01
인천항,계류시설 M,잔교 F,북항 관공선부두 잔교,,MFG-02
인천항,계류시설 M,잔교 F,신항 관리부두 잔교,,MFG-03
인천항,계류시설 M,잔교 F,북항 홍보잔교1,,MFH-01
인천항,계류시설 M,잔교 F,남항 유어선(화물선)부두 잔교,,MFN-01
인천항,계류시설 M,잔교 F,영흥도 영흥화력 정제회부두(1),,MFQ-01
인천항,계류시설 M,잔교 F,영흥도 영흥화력 정제회부두(2),,MFQ-02
인천항,계류시설 M,잔교 F,연안항 연안 잔교,,MFY-01
인천항,계류시설 M,안벽 Q,북항 GS칼텍스 출하부두(1),,MQL-01
인천항,계류시설 M,안벽 Q,북항 GS칼텍스 출하부두(2),,MQL-02
인천항,계류시설 M,안벽 Q,남항 석탄부두 돌핀,,MQT-02
인천항,계류시설 M,안벽 Q,영흥도 영흥화력 석회석부두(1),,MQY-01
인천항,계류시설 M,안벽 Q,영흥도 영흥화력 석회석부두(1),,MQY-02
인천항,계류시설 M,선석 S,신항 한진 인천컨테이너터미널,1선석,MSA-01
인천항,계류시설 M,선석 S,신항 한진 인천컨테이너터미널,2선석,MSA-02
인천항,계류시설 M,선석 S,신항 한진 인천컨테이너터미널,3선석,MSA-03
인천항,계류시설 M,선석 S,신항 선광 신컨테이너터미널,1선석,MSB-01
인천항,계류시설 M,선석 S,신항 선광 신컨테이너터미널,2선석,MSB-02
인천항,계류시설 M,선석 S,신항 선광 신컨테이너터미널,3선석,MSB-03
인천항,계류시설 M,소형선부두W,내항 1부두 1물량장,,MW1-00
인천항,계류시설 M,소형선부두W,2물량장 1선석,,MW2-00
인천항,계류시설 M,소형선부두W,3물량장 1선석,,MW3-00
인천항,계류시설 M,소형선부두W,5물량장 1선석,,MW5-00
인천항,계류시설 M,소형선부두W,북항 일도부두(1)_성진해운,,MWI-01
인천항,계류시설 M,소형선부두W,북항 일도부두(2)_태원기업,,MWI-02
인천항,계류시설 M,소형선부두W,연안항 수협물양장,,MWS-01
인천항,계류시설 M,소형선부두W,영흥도 영흥화력 물양장,,MWY-01
인천항,계류시설 M,소형선부두W,영흥도 영흥화력2 물양장,,MWY-02
인천항,기타,기타,북항 특수목적 선박전용 정박지,,SPA-01
인천항,수역 W,박지 A,A 박지,A03,WAA-03
인천항,수역 W,박지 A,A 박지,A04,WAA-04
인천항,수역 W,박지 A,A 박지,A05,WAA-05
인천항,수역 W,박지 A,A 박지,A06,WAA-06
인천항,수역 W,박지 A,A 박지,A09,WAA-09
인천항,수역 W,박지 A,E 박지,E01,WAE-01
인천항,수역 W,박지 A,E 박지,E02,WAE-02
인천항,수역 W,박지 A,E 박지,E03,WAE-03
인천항,수역 W,박지 A,E 박지,E04,WAE-04
인천항,수역 W,박지 A,E 박지,E05,WAE-05
인천항,수역 W,박지 A,E 박지,E06,WAE-06
인천항,수역 W,박지 A,E 박지,E09,WAE-09
인천항,수역 W,박지 A,E 박지,E10,WAE-10
인천항,수역 W,박지 A,E 박지,E11,WAE-11
인천항,수역 W,박지 A,E 박지,E12,WAE-12
인천항,수역 W,박지 A,검역박지,,WAQ-01
인천항,수역 W,박지 A,W 박지,W1박지,WAW-01
인천항,수역 W,박지 A,W 박지,W2박지,WAW-02
인천항,수역 W,박지 A,W 박지,W3박지,WAW-03
인천항,수역 W,박지 A,W 박지,W4박지,WAW-04
인천항,수역 W,박지 A,W 박지,W5박지,WAW-05
인천항,수역 W,박지 A,W 박지,W9박지,WAW-09
인천항,수역 W,박지 A,W 박지,W10박지,WAW-10
인천항,수역 W,박지 A,W 박지,W11박지,WAW-11
인천항,수역 W,박지 A,W 박지,W12박지,WAW-12
인천항,수역 W,박지 A,W 박지,W13박지,WAW-13
인천항,수역 W,박지 A,W 박지,W14박지,WAW-14
인천항,수역 W,박지 A,W 박지,W15박지,WAW-15
인천항,수역 W,박지 A,W 박지,W16박지,WAW-16
인천항,수역 W,박지 A,W 박지,W17박지,WAW-17
인천항,수역 W,기타,제1입항대기정박지,,WWB-01
인천항,수역 W,기타,제2입항대기정박지,,WWJ-01
인천항,수역 W,기타,제3입항대기정박지,,WWY-01
경인항,박지 A,기타,아라 마리나,,ARA-01
경인항,박지 A,기타,경인항 통과 선박,,ARB-01
경인항,계류시설 M,선석 B,SM상선 컨테이너부두,1번선석,MBA-01
경인항,계류시설 M,선석 B,SM상선 컨테이너부두,2번선석,MBA-02
경인항,계류시설 M,선석 B,SM상선 컨테이너부두,3번선석,MBA-03
경인항,계류시설 M,선석 B,인터지스 잡화부두,1번선석,MBB-01
경인항,계류시설 M,선석 B,인터지스 잡화부두,2번선석,MBC-01
경인항,계류시설 M,선석 B,대우 로지스틱스 잡화부두 ,1번선석,MBD-01
경인항,계류시설 M,선석 B,대우 로지스틱스 잡화부두 ,2번선석,MBD-02
경인항,계류시설 M,선석 B,대우 로지스틱스 잡화부두 ,3번선석,MBD-03
경인항,계류시설 M,선석 B,경인여객부두,1번선석,MBE-01
경인항,계류시설 M,선석 B,경인여객부두,2번선석,MBE-02
경인항,계류시설 M,선석 B,경인내항 관리부두,,MBF-01
경인항,계류시설 M,선석 B,김포 컨테이너 부두 1번선석,,MBH-01
경인항,계류시설 M,선석 B,김포 컨테이너 부두 2번선석,,MBH-02
경인항,계류시설 M,선석 B,CJ대한통운 잡화부두,1번선석,MBI-01
경인항,계류시설 M,선석 B,CJ대한통운 잡화부두,2번선석,MBI-02
경인항,계류시설 M,선석 B,CJ대한통운 잡화부두,3번선석,MBI-03
경인항,계류시설 M,선석 B,김포여객부두,1번선석,MBJ-01
경인항,계류시설 M,선석 B,김포여객부두,2번선석,MBJ-02
경인항,계류시설 M,선석 B,김포여객부두,3번선석,MBJ-03
경인항,계류시설 M,선석 B,김포여객부두,4번선석,MBJ-04
경인항,계류시설 M,선석 B,김포여객부두,5번선석,MBJ-05
경인항,계류시설 M,선석 B,김포관리부두,,MBK-01
경인항,수역 W,박지 A,A박지,A03,WAA-03
경인항,수역 W,박지 A,A박지,A04,WAA-04
경인항,수역 W,박지 A,A박지,A05,WAA-05
경인항,수역 W,박지 A,A박지,A06,WAA-06
경인항,수역 W,박지 A,A박지,A09,WAA-09
경인항,수역 W,박지 A,A박지,E01,WAE-01
경인항,수역 W,박지 A,A박지,E02,WAE-02
경인항,수역 W,박지 A,A박지,E03,WAE-03
경인항,수역 W,박지 A,A박지,E04,WAE-04
경인항,수역 W,박지 A,A박지,E05,WAE-05
경인항,수역 W,박지 A,A박지,E06,WAE-06
경인항,수역 W,박지 A,검역박지,,WAQ-01
경인항,수역 W,박지 A,W박지,W01,WAW-01
경인항,수역 W,박지 A,W박지,W02,WAW-02
경인항,수역 W,박지 A,W박지,W03,WAW-03
경인항,수역 W,박지 A,W박지,W04,WAW-04
경인항,수역 W,박지 A,W박지,W05,WAW-05
경인항,수역 W,박지 A,W박지,W09,WAW-09
경인항,수역 W,박지 A,W박지,W10,WAW-10
경인항,수역 W,박지 A,W박지,W11,WAW-11
경인항,수역 W,박지 A,W박지,W12,WAW-12
경인항,수역 W,박지 A,W박지,W13,WAW-13
경인항,수역 W,박지 A,W박지,W14,WAW-14
경인항,수역 W,박지 A,W박지,W15,WAW-15
경인항,수역 W,박지 A,W박지,W16,WAW-16
경인항,수역 W,박지 A,W박지,W17,WAW-17
경인항,수역 W,기타,북장자서,,WWB-01
경인항,수역 W,기타,장안서대기박지,,WWJ-01
경인항,수역 W,기타,제3입항대기정박지,,WWY-01
평택당진,계류시설 M,선석 B,동부두,3번선석,MBM-03
평택당진,계류시설 M,선석 B,동부두,4번선석,MBM-04
평택당진,계류시설 M,선석 B,동부두,5번선석,MBM-05
평택당진,계류시설 M,선석 B,동부두,6번선석,MBM-06
평택당진,계류시설 M,선석 B,동부두,7번선석,MBM-07
평택당진,계류시설 M,선석 B,동부두,8번선석,MBM-08
평택당진,계류시설 M,선석 B,동부두,9번선석,MBM-09
평택당진,계류시설 M,선석 B,동부두,10번선석,MBM-10
평택당진,계류시설 M,선석 B,동부두,11번선석,MBM-11
평택당진,계류시설 M,선석 B,동부두,12번선석,MBM-12
평택당진,계류시설 M,선석 B,동부두,13번선석,MBM-13
평택당진,계류시설 M,선석 B,동부두,14번선석,MBM-14
평택당진,계류시설 M,선석 B,동부두,15번선석,MBM-15
평택당진,계류시설 M,선석 B,동부두,16번선석,MBM-16
평택당진,계류시설 M,선석 B,군항부두,,MBN-01
평택당진,계류시설 M,선석 B,국제여객부두,1번선석,MBP-01
평택당진,계류시설 M,선석 B,국제여객부두,2번선석,MBP-02
평택당진,계류시설 M,선석 B,국제여객부두,3번선석,MBP-03
평택당진,계류시설 M,선석 B,모래부두,1,MBS-01
평택당진,계류시설 M,선석 B,모래부두,3,MBS-02
평택당진,계류시설 M,선석 B,모래부두,3,MBS-03
평택당진,계류시설 M,선석 B,모래부두,4,MBS-04
평택당진,계류시설 M,선석 B,모래부두,5,MBS-05
평택당진,계류시설 M,선석 B,모래부두,6,MBS-06
평택당진,계류시설 M,선석 B,모래부두,7,MBS-07
평택당진,계류시설 M,선석 B,서부두,1번선석,MBW-01
평택당진,계류시설 M,선석 B,서부두,2번선석,MBW-02
평택당진,계류시설 M,선석 B,서부두,3번선석,MBW-03
평택당진,계류시설 M,선석 B,서부두,4번선석,MBW-04
평택당진,계류시설 M,선석 B,서부두,5번선석,MBW-05
평택당진,계류시설 M,선석 B,서부두,6번선석,MBW-06
평택당진,계류시설 M,선석 B,서부두,7번선석,MBW-07
평택당진,계류시설 M,선석 B,서부두,8번선석,MBW-08
평택당진,계류시설 M,선석 B,서부두,9번선석,MBW-09
평택당진,계류시설 M,돌핀 D,한전돌핀,,MDH-01
평택당진,계류시설 M,돌핀 D,기호돌핀,,MDK-01
평택당진,계류시설 M,돌핀 D,LPG 돌핀 1,,MDL-01
평택당진,계류시설 M,돌핀 D,LPG 돌핀 2,,MDL-02
평택당진,계류시설 M,돌핀 D,LNG 돌핀 1,,MDN-01
평택당진,계류시설 M,돌핀 D,LNG 돌핀 2,,MDN-02
평택당진,계류시설 M,돌핀 D,SK LPG 돌핀,,MDS-01
평택당진,계류시설 M,잔교 F,원정리 부잔교,,MFK-01
평택당진,계류시설 M,잔교 F,동부두 부잔교,,MFK-02
평택당진,계류시설 M,잔교 F,서부두 부잔교,,MFK-03
평택당진,계류시설 M,잔교 F,동부두 내항 관리부두 부잔교,,MFK-04
평택당진,계류시설 M,잔교 F,당진 고대지구 관리부두,,MFK-05
평택당진,계류시설 M,잔교 F,해경부두 부 잔교,,MFM-01
평택당진,계류시설 M,잔교 F,군항부두 부 잔교1,,MFN-01
평택당진,계류시설 M,잔교 F,군항부두 부 잔교2,,MFN-02
평택당진,계류시설 M,소형선부두W,관리부두 물양장,,MW1-01
평택당진,계류시설 M,소형선부두W,한보 물양장,,MWB-01
평택당진,계류시설 M,소형선부두W,한전 물양장,,MWH-01
평택당진,계류시설 M,소형선부두W,한국가스공사 물양장,,MWK-01
평택당진,수역 W,박지 A,장안서정박지,,WA1-01
평택당진,수역 W,박지 A,입파도정박지,,WA2-01
평택당진,수역 W,박지 A,도리도정박지,,WA3-01
평택당진,수역 W,박지 A,임시정박지,,WA3-02
평택당진,수역 W,박지 A,한전정박지,,WAH-01
평택당진,수역 W,박지 A,방도정박지,,WAJ-01
평택당진,수역 W,박지 A,관리현장 묘박지,,WAK-01
동해항,계류시설 M,선석 B,북부두,20선석,MBB-20
동해항,계류시설 M,선석 B,북부두,21선석,MBB-21
동해항,계류시설 M,선석 B,북부두,22선석,MBB-22
동해항,계류시설 M,선석 B,북부두,23선석,MBB-23
동해항,계류시설 M,선석 B,북부두,24선석,MBB-24
동해항,계류시설 M,선석 B,북부두,25선석,MBB-25
동해항,계류시설 M,선석 B,중앙부두 30선석,,MBC-30
동해항,계류시설 M,선석 B,일반부두,41선석,MBG-41
동해항,계류시설 M,선석 B,일반부두,51선석,MBG-51
동해항,계류시설 M,선석 B,일반부두,52선석,MBG-52
동해항,계류시설 M,선석 B,한전부두,,MBH-01
동해항,계류시설 M,선석 B,남부두,11선석,MBN-11
동해항,계류시설 M,선석 B,남부두,12선석,MBN-12
동해항,계류시설 M,선석 B,남부두,13선석,MBN-13
동해항,계류시설 M,선석 B,남부두,14선석,MBN-14
동해항,계류시설 M,선석 B,남부두,15선석,MBN-15
동해항,계류시설 M,선석 B,남부두,41선석,MBS-41
동해항,계류시설 M,선석 B,남부두,42선석,MBS-42
동해항,계류시설 M,선석 B,석탄부두 10선석,,MBT-10
동해항,계류시설 M,선석 B,안인화력돌핀,,MDC-01
동해항,계류시설 M,돌핀 D,남방파제 돌핀,,MDH-01
동해항,수역 W,박지 A,A박지,A1,WAA-01
동해항,수역 W,박지 A,A박지,A2,WAA-02
동해항,수역 W,박지 A,A박지,A3,WAA-03
동해항,수역 W,박지 A,A박지,A4,WAA-04
동해항,수역 W,박지 A,A박지,A5,WAA-05
동해항,수역 W,박지 A,B박지,B1,WAB-01
동해항,수역 W,박지 A,B박지,B2,WAB-02
동해항,수역 W,박지 A,B박지,B3,WAB-03
동해항,수역 W,박지 A,C박지 C1,,WAC-01
동해항,수역 W,박지 A,제1정박지,,WAH-01
동해항,수역 W,박지 A,검역묘지,,WAQ-01
삼척항,계류시설 M,선석 B,1부두,11선석,MB1-01
삼척항,계류시설 M,선석 B,2부두,12선석,MB1-02
삼척항,계류시설 M,선석 B,3부두,13선석,MB1-03
삼척항,계류시설 M,선석 B,2부두,21선석,MB2-01
삼척항,계류시설 M,선석 B,3부두,22선석,MB2-02
삼척항,계류시설 M,선석 B,3부두,31선석,MB3-01
삼척항,계류시설 M,선석 B,4부두,32선석,MB3-02
삼척항,계류시설 M,소형선부두 W,1물량장 1선석,,MW1-01
삼척항,수역 W,박지 A,검역박지,,WAQ-01
삼척항,수역 W,박지 A,S박지,S-1박지,WAS-01
삼척항,수역 W,박지 A,S박지,S-2박지,WAS-02
속초항,계류시설 M,선석 B,청학부두 51선석,,MBC-51
속초항,계류시설 M,선석 B,금호부두,31선석,MBG-01
속초항,계류시설 M,선석 B,금호부두,32선석,MBG-02
속초항,계류시설 M,선석 B,관공부두,21선석,MBK-01
속초항,계류시설 M,선석 B,관공부두,22선석,MBK-02
속초항,계류시설 M,선석 B,관공부두,23선석,MBK-03
속초항,계류시설 M,선석 B,관공부두,24선석,MBK-04
속초항,계류시설 M,선석 B,관공부두,25선석,MBK-05
속초항,계류시설 M,선석 B,신부두,11선석,MBS-01
속초항,계류시설 M,선석 B,신부두,12선석,MBS-02
속초항,계류시설 M,선석 B,신부두,13선석,MBS-03
속초항,계류시설 M,선석 B,신부두,14선석,MBS-04
속초항,계류시설 M,선석 B,관광선부두 31선석,,MBT-31
속초항,계류시설 M,선석 B,크루즈부두 32선석,,MBT-32
속초항,계류시설 M,소형선부두 W,청호 물량장 1선석,,MWC-01
속초항,계류시설 M,소형선부두 W,청교 물양장 1선석,,MWG-01
속초항,계류시설 M,소형선부두 W,중앙물량장,,MWJ-01
속초항,계류시설 M,소형선부두 W,금호 물량장 1선석,,MWK-01
속초항,계류시설 M,소형선부두 W,수협 물양장 1선석,,MWS-01
속초항,기타,기타,청호동,1선석,OLC-01
속초항,기타,기타,청호동,2선석,OLC-02
속초항,기타,기타,중앙동 1선석,,OLJ-01
속초항,수역 W,박지 A,A박지,A-1박지,WAA-01
속초항,수역 W,박지 A,A박지,A-2박지,WAA-02
속초항,수역 W,박지 A,검역박지,,WAQ-01
옥계항,계류시설 M,선석 B,1부두,11선석,MB1-01
옥계항,계류시설 M,선석 B,2부두,12선석,MB1-02
옥계항,계류시설 M,선석 B,2부두 21선석,,MB2-01
옥계항,계류시설 M,선석 B,3부두 31선석,,MB3-01
옥계항,계류시설 M,돌핀 D,현대돌핀,,MDH-01
옥계항,수역 W,박지 A,A박지,A-1박지,WAA-01
옥계항,수역 W,박지 A,A박지,A-2박지,WAA-02
옥계항,수역 W,박지 A,검역박지,,WAQ-01
호산항,계류시설 M,선석 B,연료하역부두-3,,MBC-01
호산항,계류시설 M,선석 B,CTS부두,,MBC-02
호산항,계류시설 M,선석 B,B/C부두,,MBL-01
호산항,계류시설 M,선석 B,예선계류부두,,MBL-02
호산항,계류시설 M,돌핀 D,연료하역돌핀-1,,MDC-01
호산항,계류시설 M,돌핀 D,연료하역돌핀-2,,MDC-02
호산항,계류시설 M,돌핀 D,LNG 돌핀부두,,MDL-01
호산항,계류시설 M,소형선부두 W,석탄 물양장,,MWC-01
호산항,계류시설 M,소형선부두 W,LNG 물양장,,MWL-01
호산항,수역 W,박지 A,제1 정박지,,WAH-01
호산항,수역 W,박지 A,제2 정박지,,WAH-02
대산항,계류시설 M,선석 B,1부두 1선석,,MB1-01
대산항,계류시설 M,선석 B,2부두 1선석,,MB2-01
대산항,계류시설 M,선석 B,3부두 1선석,,MB3-01
대산항,계류시설 M,선석 B,4부두 1선석,,MB4-01
대산항,계류시설 M,선석 B,5부두 1선석,,MB5-01
대산항,계류시설 M,선석 B,한화임팩트,,MBS-01
대산항,계류시설 M,돌핀 D,씨텍돌핀,21,MDH-21
대산항,계류시설 M,돌핀 D,씨텍돌핀,22,MDH-22
대산항,계류시설 M,돌핀 D,씨텍돌핀,23,MDH-23
대산항,계류시설 M,돌핀 D,씨텍돌핀,24,MDH-24
대산항,계류시설 M,돌핀 D,씨텍돌핀,25,MDH-25
대산항,계류시설 M,돌핀 D,씨텍돌핀,26,MDH-26
대산항,계류시설 M,돌핀 D,현대오일뱅크 돌핀,11,MDK-11
대산항,계류시설 M,돌핀 D,현대오일뱅크 돌핀,12,MDK-12
대산항,계류시설 M,돌핀 D,현대오일뱅크 돌핀,13,MDK-13
대산항,계류시설 M,돌핀 D,현대오일뱅크 돌핀,14,MDK-14
대산항,계류시설 M,돌핀 D,현대오일뱅크 돌핀,15,MDK-15
대산항,계류시설 M,돌핀 D,현대오일뱅크 돌핀,16,MDK-16
대산항,계류시설 M,돌핀 D,현대오일뱅크 돌핀,17,MDK-17
대산항,계류시설 M,돌핀 D,현대오일뱅크 돌핀,18,MDK-18
대산항,계류시설 M,돌핀 D,현대오일뱅크 돌핀,19,MDK-19
대산항,계류시설 M,돌핀 D,한국석유공사 돌핀,,MDN-11
대산항,계류시설 M,돌핀 D,한화토탈 돌핀31,,MDS-31
대산항,계류시설 M,돌핀 D,한화토탈돌핀,32,MDS-32
대산항,계류시설 M,돌핀 D,한화토탈돌핀,33,MDS-33
대산항,계류시설 M,돌핀 D,한화토탈돌핀,34,MDS-34
대산항,계류시설 M,돌핀 D,한화토탈돌핀,35,MDS-35
대산항,계류시설 M,돌핀 D,한화토탈돌핀,36,MDS-36
대산항,계류시설 M,돌핀 D,한화토탈돌핀,37,MDS-37
대산항,계류시설 M,잔교 F,관리부두 부잔교 2기,,MFD-01
대산항,계류시설 M,소형선부두 W,씨텍 물양장01,,MWH-01
대산항,계류시설 M,소형선부두 W,현대오일뱅크 물양장01,,MWJ-01
대산항,계류시설 M,소형선부두 W,현대오일뱅크 물양장02,,MWJ-02
대산항,계류시설 M,소형선부두 W,한화토탈 물량장,,MWS-01
대산항,기타,기타,현대오일뱅크SPM,,SPM-01
대산항,수역 W,박지 A,A1 정박지,,WAA-01
대산항,수역 W,박지 A,A2 정박지,,WAA-02
대산항,수역 W,박지 A,A3 정박지,,WAA-03
대산항,수역 W,박지 A,A4 정박지,,WAA-04
대산항,수역 W,박지 A,A5 정박지,,WAA-05
대산항,수역 W,박지 A,A6 정박지,,WAA-06
대산항,수역 W,박지 A,A7 정박지,,WAA-07
대산항,수역 W,박지 A,A8 정박지,,WAA-08
대산항,수역 W,박지 A,A9 정박지,,WAA-09
대산항,수역 W,박지 A,A10 정박지,,WAA-10
대산항,수역 W,박지 A,A11 정박지,,WAA-11
대산항,수역 W,박지 A,A12 정박지,,WAA-12
대산항,수역 W,박지 A,A13 정박지,,WAA-13
대산항,수역 W,박지 A,A14 정박지,,WAA-14
대산항,수역 W,박지 A,장안서 대기정박지,,WAJ-01
대산항,계류시설 M,선석 B,당진화력 석회석 부두,,MBT-01
대산항,계류시설 M,돌핀 D,당진화력돌핀,61,MDT-61
대산항,계류시설 M,돌핀 D,당진화력돌핀,62,MDT-62
대산항,계류시설 M,돌핀 D,당진화력돌핀,63,MDT-63
대산항,계류시설 M,소형선부두 W,당진화력 물양장 01,,MWT-01
대산항,계류시설 M,소형선부두 W,당진화력 물양장 02,,MWT-02
대산항,수역 W,박지 A,장안서 대기정박지,,WAJ-01
보령항,계류시설 M,돌핀 D,신보령화력 돌핀 01,,MDA-01
보령항,계류시설 M,돌핀 D,신보령화력 돌핀(석회석) 02,,MDA-02
보령항,계류시설 M,돌핀 D,보령엘엔지터미널 돌핀 51,,MDA-51
보령항,계류시설 M,돌핀 D,보령엘엔지터미널 돌핀 52,,MDA-52
보령항,계류시설 M,돌핀 D,보령화력돌핀41,,MDB-41
보령항,계류시설 M,돌핀 D,보령화력돌핀42,,MDB-42
보령항,계류시설 M,돌핀 D,보령화력돌핀43,,MDB-43
보령항,계류시설 M,돌핀 D,보령항 연료선적부두(돌핀),,MDB-44
보령항,계류시설 M,잔교 F,충남해고 실습선부두,,MFD-01
보령항,계류시설 M,소형선부두 W,보령화력 물양장 01,,MWB-01
보령항,계류시설 M,소형선부두 W,보령화력 물양장(석회석),,MWB-02
보령항,수역 W,박지 A,A1 정박지,,WAA-01
보령항,수역 W,박지 A,A2 정박지,,WAA-02
보령항,수역 W,박지 A,A3 정박지,,WAA-03
보령항,수역 W,박지 A,A4 정박지,,WAA-04
보령항,수역 W,박지 A,A5 정박지,,WAA-05
보령항,수역 W,박지 A,검역박지,,WAQ-01
보령항,수역 W,기타,제1도선점,,WWP-01
보령항,기타,기타,금강조선소,,*GG-01
보령항,기타,기타,금석 해사하역 선착장,,*KS-01
보령항,기타,기타,여남 조선소,,*YN-01
태안항,계류시설 M,돌핀 D,태안화력돌핀 51,,MDT-51
태안항,계류시설 M,돌핀 D,태안화력돌핀 52,,MDT-52
태안항,계류시설 M,돌핀 D,태안화력돌핀 53,,MDT-53
태안항,계류시설 M,소형선부두 W,태안화력물량 01,,MWT-01
태안항,계류시설 M,소형선부두 W,태안화력물량장 02,,MWT-02
태안항,계류시설 M,소형선부두 W,태안화력 석회석 하역,,MWT-03
태안항,계류시설 M,소형선부두 W,역무선(물양장),,MWT-04
태안항,계류시설 M,소형선부두 W,태안화력 석회석 하역부두2,,MWT-05
태안항,수역 W,박지 A,정박지,,WAA-01
태안항,수역 W,박지 A,검역묘지,,WAQ-01
태안항,수역 W,박지 A,제1대기정박지,,WAT-01
군산항,계류시설 M,선석 B,1부두,1선석,MB1-01
군산항,계류시설 M,선석 B,1부두,2선석,MB1-02
군산항,계류시설 M,선석 B,1부두,3선석,MB1-03
군산항,계류시설 M,선석 B,2부두,1선석,MB2-01
군산항,계류시설 M,선석 B,2부두,2선석,MB2-02
군산항,계류시설 M,선석 B,2부두,3선석,MB2-03
군산항,계류시설 M,선석 B,3부두,1선석,MB3-01
군산항,계류시설 M,선석 B,3부두,2선석,MB3-02
군산항,계류시설 M,선석 B,3부두,3선석,MB3-03
군산항,계류시설 M,선석 B,4부두,1선석,MB4-01
군산항,계류시설 M,선석 B,4부두,2선석,MB4-02
군산항,계류시설 M,선석 B,5부두,1선석,MB5-01
군산항,계류시설 M,선석 B,5부두,2선석,MB5-02
군산항,계류시설 M,선석 B,5부두,3선석,MB5-03
군산항,계류시설 M,선석 B,5부두,4선석,MB5-04
군산항,계류시설 M,선석 B,5부두,5선석,MB5-05
군산항,계류시설 M,선석 B,5부두,6선석,MB5-06
군산항,계류시설 M,선석 B,5부두,7선석,MB5-07
군산항,계류시설 M,선석 B,5부두,8선석,MB5-08
군산항,계류시설 M,선석 B,6부두,1선석,MB6-01
군산항,계류시설 M,선석 B,6부두,2선석,MB6-02
군산항,계류시설 M,선석 B,6부두,3선석,MB6-03
군산항,계류시설 M,선석 B,6부두,4선석,MB6-04
군산항,계류시설 M,선석 B,7부두,1선석,MB7-01
군산항,계류시설 M,선석 B,7부두,2선석,MB7-02
군산항,계류시설 M,선석 B,7부두,3선석,MB7-03
군산항,계류시설 M,선석 B,7부두,4선석,MB7-04
군산항,계류시설 M,선석 B,7부두,9선석,MB7-09
군산항,계류시설 M,선석 B,7부두,9-1선석,MB7-10
군산항,계류시설 M,선석 B,국제여객부두,,MBP-01
군산항,계류시설 M,선석 B,모래부두,,MBS-01
군산항,계류시설 M,돌핀 D,현대오일 돌핀,,MDC-01
군산항,계류시설 M,돌핀 D,S-Oil 1 돌핀,,MDD-01
군산항,계류시설 M,돌핀 D,S-Oil2돌핀,,MDD-02
군산항,계류시설 M,돌핀 D,SGC돌핀,,MDG-01
군산항,계류시설 M,돌핀 D,수성토탈2돌핀,,MDH-01
군산항,계류시설 M,돌핀 D,수성토탈1돌핀,,MDY-01
군산항,계류시설 M,돌핀 D,A잔교,,MFA-01
군산항,계류시설 M,잔교 F,B잔교,,MFB-01
군산항,계류시설 M,잔교 F,C잔교,,MFC-01
군산항,계류시설 M,잔교 F,D잔교,,MFD-01
군산항,계류시설 M,잔교 F,다목적 관리부두1,,MFG-01
군산항,계류시설 M,잔교 F,다목적 관리부두2,,MFG-02
군산항,계류시설 M,잔교 F,홍보산업 돌핀,,MFH-01
군산항,계류시설 M,잔교 F,연안여객선 부두,,MFP-01
군산항,계류시설 M,잔교 F,구 역무선 부두,,MFS-01
군산항,계류시설 M,잔교 F,신 역무선 부두,,MFS-02
군산항,계류시설 M,소형선부두 W,전북외고앞 물량장,,MW1-01
군산항,계류시설 M,소형선부두 W,해망동 위판장(소형선부두),,MW5-01
군산항,계류시설 M,소형선부두 W,소룡동 위판장(소형선부두),,MW6-01
군산항,계류시설 M,소형선부두 W,비응도 위판장(소형선부두),,MW7-01
군산항,계류시설 M,소형선부두 W,부선부두,,MW8-01
군산항,계류시설 M,소형선부두 W,외항11선석(소형선부두),,MWO-11
군산항,계류시설 M,소형선부두 W,외항12선석(소형선부두),,MWO-12
군산항,계류시설 M,소형선부두 W,현대중공업(주)소형선부두,,MWO-13
군산항,계류시설 M,조선소 Y,현대중공업 군산조선소,,MYA-01
군산항,계류시설 M,조선소 Y,서해조선(비응항),,MYC-01
군산항,계류시설 M,조선소 Y,협동조선소,,MYD-01
군산항,계류시설 M,조선소 Y,해양조선소,,MYJ-01
군산항,계류시설 M,조선소 Y,삼원기업,,MYY-01
군산항,계류시설 M,조선소 Y,신진조선소,,MYZ-01
군산항,수역 W,박지 A,A0정박지,,WA0-01
군산항,수역 W,박지 A,1정박지,,WAG-01
군산항,수역 W,박지 A,2정박지,,WAG-02
군산항,수역 W,박지 A,3정박지,,WAG-03
군산항,수역 W,박지 A,4정박지,,WAG-04
군산항,수역 W,선석 B,수협바지 10호,,WBA-01
장항항,계류시설 M,선석 B,장항1부두,1번 선석,MB1-01
장항항,계류시설 M,선석 B,장항1부두,2번 선석,MB1-02
장항항,계류시설 M,잔교 F,A잔교,,MFA-01
장항항,계류시설 M,잔교 F,B잔교,,MFB-01
장항항,계류시설 M,소형선부두 W,구 소형선 부두,,MWJ-01
장항항,계류시설 M,소형선부두 W,모래선착장(대운),,MWJ-02
장항항,계류시설 M,소형선부두 W,신 소형선 부두,,MWJ-03
장항항,계류시설 M,조선소Y,충남조선소,,MYC-01
장항항,계류시설 M,조선소Y,연수중공업,,MYG-01
장항항,계류시설 M,조선소Y,금강중공업,,MYK-01
장항항,수역 W,박지 A,제1 선석대기,,WAG-01
장항항,수역 W,박지 A,통과선박대기,,WAG-02
장항항,수역 W,박지 A,제2 선석대기,,WAG-03
장항항,수역 W,박지 A,제4정박지,,WAG-04
목포항,계류시설 M,선석 B,삼학부두,11선석,MB1-01
목포항,계류시설 M,선석 B,삼학부두,12선석,MB1-02
목포항,계류시설 M,선석 B,삼학부두,13선석,MB1-03
목포항,계류시설 M,선석 B,삼학부두,14선석,MB1-04
목포항,계류시설 M,선석 B,동명동 물양장,21선석,MB2-01
목포항,계류시설 M,선석 B,동명동 물양장,22선석,MB2-02
목포항,계류시설 M,선석 B,동명동 물양장,23선석,MB2-03
목포항,계류시설 M,선석 B,동명동 물양장,24선석,MB2-04
목포항,계류시설 M,선석 B,동명동 물양장,25선석,MB2-05
목포항,계류시설 M,선석 B,동명동 물양장,26선석,MB2-06
목포항,계류시설 M,선석 B,여객부두,41선석,MB4-01
목포항,계류시설 M,선석 B,여객부두,42선석,MB4-02
목포항,계류시설 M,선석 B,수협물양장,,MB5-01
목포항,계류시설 M,선석 B,대불물양장,,MB6-00
목포항,계류시설 M,선석 B,대불부두,61선석,MB6-01
목포항,계류시설 M,선석 B,대불부두,62선석,MB6-02
목포항,계류시설 M,선석 B,대불부두,63선석,MB6-03
목포항,계류시설 M,선석 B,대불부두,64선석,MB6-04
목포항,계류시설 M,선석 B,대불부두,65선석,MB6-05
목포항,계류시설 M,선석 B,쌍용물양장,,MB7-00
목포항,계류시설 M,선석 B,쌍용부두,,MB7-01
목포항,계류시설 M,선석 B,현대삼호조선,,MB8-00
목포항,계류시설 M,선석 B,현대삼호부두,,MB8-01
목포항,계류시설 M,선석 B,목포해양대부두,,MB9-01
목포항,계류시설 M,선석 B,북항,제1물양장,MB9-02
목포항,계류시설 M,선석 B,북항,제2물양장,MB9-03
목포항,계류시설 M,선석 B,북항,제3물양장,MB9-04
목포항,계류시설 M,선석 B,북항,제4물양장,MB9-05
목포항,계류시설 M,선석 B,북항,제5물양장,MB9-06
목포항,계류시설 M,선석 B,대한조선부두,,MBD-01
목포항,계류시설 M,선석 B,남항 관공선 부두,,MBN-00
목포항,계류시설 M,선석 B,해군부두,,MBN-01
목포항,계류시설 M,선석 B,신외항 1선석(잡화부두),,MBO-01
목포항,계류시설 M,선석 B,신외항 2선석(다목적부두1선석),,MBO-02
목포항,계류시설 M,선석 B,신외항 3선석(다목적부두2선석),,MBO-03
목포항,계류시설 M,선석 B,신외항 4선석(다목적부두3선석),,MBO-04
목포항,계류시설 M,선석 B,신항 자동차부두,,MBO-05
목포항,계류시설 M,선석 B,신항시멘트 부두 1선석,,MBP-01
목포항,계류시설 M,선석 B,신항잡화 부두,,MBP-02
목포항,계류시설 M,선석 B,예부선 부두,,MBP-03
목포항,계류시설 M,선석 B,용당부두,1선석,MBY-02
목포항,계류시설 M,선석 B,,2선석,MBY-03
목포항,계류시설 M,선석 B,,3선석,MBY-04
목포항,계류시설 M,선석 B,,4선석,MBY-05
목포항,계류시설 M,돌핀 D,시멘트돌핀,,MDM-01
목포항,계류시설 M,돌핀 D,유류돌핀,,MDM-02
목포항,계류시설 M,잔교 F,통선장,,MFD-00
목포항,계류시설 M,잔교 F,1호 잔교,,MFD-01
목포항,계류시설 M,잔교 F,2호 잔교,,MFD-02
목포항,계류시설 M,잔교 F,3호 잔교,,MFD-03
목포항,계류시설 M,잔교 F,5호 잔교,,MFD-05
목포항,계류시설 M,잔교 F,목포해경,,MFH-01
목포항,계류시설 M,잔교 F,영해잔교,,MFY-01
목포항,계류시설 M,소형선부두 W,신항교 물양장,,MWM-01
목포항,계류시설 M,기타,임시,,MXT-01
목포항,수역 W,박지 A,정박 2구역,,WAJ-02
목포항,수역 W,박지 A,정박 4구역,,WAJ-04
목포항,수역 W,박지 A,정박 6구역,,WAJ-06
목포항,수역 W,박지 A,정박 8구역,,WAJ-08
목포항,수역 W,박지 A,정박 9구역,,WAJ-09
목포항,수역 W,박지 A,정박 10구역,,WAJ-10
목포항,수역 W,박지 A,정박 11구역,,WAJ-11
목포항,수역 W,박지 A,정박 12구역,,WAJ-12
목포항,수역 W,박지 A,정박 13구역,,WAJ-13
목포항,수역 W,박지 A,정박 14구역(통과선박),,WAJ-14
목포항,수역 W,박지 A,검역 묘지,,WAQ-01
목포항,기타,기타,대불조선,,*DB-01
목포항,기타,기타,허사도선착장,,*HS-01
목포항,기타,기타,성광조선,,*IH-01
목포항,기타,기타,고하도선착장,,*KH-01
목포항,기타,기타,우승조선,,*WS-01
완도항,계류시설 M,선석 B,1부두,11선석,MB1-01
완도항,계류시설 M,선석 B,1부두,12선석,MB1-02
완도항,계류시설 M,선석 B,2부두,21선석,MB2-01
완도항,계류시설 M,선석 B,2부두,22선석,MB2-02
완도항,계류시설 M,선석 B,3부두,31선석,MB3-01
완도항,계류시설 M,잔교 F,카페리 잔교,,MFC-01
완도항,계류시설 M,잔교 F,관공선 잔교,,MFG-01
완도항,계류시설 M,잔교 F,여객선 잔교,,MFP-01
완도항,계류시설 M,소형선부두 W,제 1 물양장,,MW1-01
완도항,계류시설 M,소형선부두 W,제 2 물양장,,MW2-01
완도항,계류시설 M,소형선부두 W,제 3 물양장,,MW3-01
완도항,계류시설 M,소형선부두 W,수협유류 물양장,,MWS-01
완도항,수역 W,박지 A,검역묘지,,WAQ-01
완도항,수역 W,박지 A,정박 1구역,,WAT-01
완도항,수역 W,박지 A,정박 2구역,,WAT-02
여수항,계류시설 M,선석 B,크루즈부두,,MB4-01
여수항,계류시설 M,선석 B,여수신항여객부두,,MB4-02
여수항,계류시설 M,선석 B,엑스포소형선부두,,MB4-03
여수항,계류시설 M,선석 B,엑스포소형선부두,,MB4-04
여수항,계류시설 M,선석 B,여수신항 제1부두,,MB5-01
여수항,계류시설 M,선석 B,여수신항 제1부두,,MB5-02
여수항,계류시설 M,선석 B,여수신항 제1부두,,MB5-03
여수항,계류시설 M,선석 B,여수신항 제2부두,,MB5-04
여수항,계류시설 M,선석 B,소형선 부두,,MB6-01
여수항,계류시설 M,선석 B,여수신항 제3부두,,MB6-02
여수항,계류시설 M,선석 B,여수신항해경부두,,MB6-03
여수항,계류시설 M,선석 B,여수 신북항 ,1번 선석,MB8-01
여수항,계류시설 M,선석 B,관리부두 ,2번 선석,MB8-02
여수항,계류시설 M,선석 B,관리부두 ,3번 선석,MB8-03
여수항,계류시설 M,선석 B,관리부두 ,4번 선석,MB8-04
여수항,계류시설 M,선석 B,관리부두 ,5번 선석,MB8-05
여수항,계류시설 M,선석 B,오동도소형선부두,,MBK-01
여수항,계류시설 M,잔교 F,여객선 터미날 잔교,,MFP-01
여수항,계류시설 M,소형선부두 W,구항물량장,,MWJ-01
여수항,계류시설 M,소형선부두 W,구항물량장,,MWJ-02
여수항,계류시설 M,소형선부두 W,c 수협물량장,,MWS-01
여수항,계류시설 M,소형선부두 W,기타,,MWU-01
여수항,수역 W,박지 A,정박지 A구역(A1),,WAA-01
여수항,수역 W,박지 A,정박지 B구역(A2),,WAA-02
여수항,수역 W,박지 A,정박지 C구역(A3),,WAA-03
여수항,수역 W,박지 A,정박지 W구역(A4),,WAA-04
여수항,수역 W,박지 A,제1검역 정박지,,WAC-01
여수항,수역 W,박지 A,제2검역 정박지,,WAC-02
여수항,수역 W,박지 A,정박지D-1구역,,WAD-01
여수항,수역 W,박지 A,정박지D-2구역,,WAD-02
여수항,수역 W,박지 A,Y-1 정박지,,WAY-01
여수항,수역 W,박지 A,Y-2 정박지,,WAY-02
여수항,기타,기타,대동 조선소,,*DD-01
여수항,기타,기타,제일 조선소,,*JI-01
여수항,기타,기타,남양 조선소,,*NY-01
여수항,기타,기타,포창 조선소,,*PC-01
여수항,기타,기타,평화 조선소,,*PH-01
여수항,기타,기타,세계 조선소,,*SY-01
여수항,기타,기타,여수해양,,*SY-02
여수항,계류시설 M,선석 B,CTS부두,,MB1-01
여수항,계류시설 M,선석 B,원료부두,21선석,MB2-01
여수항,계류시설 M,선석 B,원료부두,22선석,MB2-02
여수항,계류시설 M,선석 B,원료부두,23선석,MB2-03
여수항,계류시설 M,선석 B,원료부두,24선석,MB2-04
여수항,계류시설 M,선석 B,원료부두,25선석,MB2-05
여수항,계류시설 M,선석 B,원료부두,26선석,MB2-06
여수항,계류시설 M,선석 B,원료부두,27선석,MB2-07
여수항,계류시설 M,선석 B,RO-RO부두,31선석,MB3-01
여수항,계류시설 M,선석 B,RO-RO부두,32선석,MB3-02
여수항,계류시설 M,선석 B,제품부두 ,41선석,MB4-01
여수항,계류시설 M,선석 B,제품부두 ,42선석,MB4-02
여수항,계류시설 M,선석 B,제품부두 ,43선석,MB4-03
여수항,계류시설 M,선석 B,제품부두 ,44선석,MB4-04
여수항,계류시설 M,선석 B,제품부두 ,45선석,MB4-05
여수항,계류시설 M,선석 B,제품부두 ,46선석,MB4-06
여수항,계류시설 M,선석 B,제품부두 ,47선석,MB4-07
여수항,계류시설 M,선석 B,제품부두 ,48선석,MB4-08
여수항,계류시설 M,선석 B,제품부두 ,49선석,MB4-09
여수항,계류시설 M,선석 B,제품부두 ,4A선석,MB4-0A
여수항,계류시설 M,선석 B,제품부두 ,4B선석,MB4-0B
여수항,계류시설 M,선석 B,고철부두 51선석,,MB5-01
여수항,계류시설 M,선석 B,관리부두 61선석,,MB6-01
여수항,계류시설 M,선석 B,하포일반부두,1번 선석,MB7-01
여수항,계류시설 M,선석 B,하포일반부두,2번 선석,MB7-02
여수항,계류시설 M,선석 B,하포일반부두,3번 선석,MB7-03
여수항,계류시설 M,선석 B,해양산업 클러스터부두,,MB7-04
여수항,계류시설 M,선석 B,컨테이너부두2단계1차 ,75선석,MB7-05
여수항,계류시설 M,선석 B,컨테이너부두2단계2차,76선석,MB7-06
여수항,계류시설 M,선석 B,컨테이너부두2단계3차,77선석,MB7-07
여수항,계류시설 M,선석 B,컨테이너부두2단계4차,78선석,MB7-08
여수항,계류시설 M,선석 B,컨테이너부두2단계2차 ,79선석,MB7-09
여수항,계류시설 M,선석 B,컨테이너부두2단계3차,7A선석,MB7-0A
여수항,계류시설 M,선석 B,컨테이너부두2단계4차,7B선석,MB7-0B
여수항,계류시설 M,선석 B,컨테이너부두2단계5차,7C선석,MB7-0C
여수항,계류시설 M,선석 B,컨테이너부두3단계1차 ,7D선석,MB7-0D
여수항,계류시설 M,선석 B,컨테이너부두3단계2차,7E선석,MB7-0E
여수항,계류시설 M,선석 B,컨테이너부두3단계3차,7F선석,MB7-0F
여수항,계류시설 M,선석 B,컨테이너부두3단계4차,7G선석,MB7-0G
여수항,계류시설 M,선석 B,자동차부두 7H선석,,MB7-0H
광양여천항,계류시설 M,선석 B,자동차부두 ,7I선석,MB7-0I
광양여천항,계류시설 M,선석 B,자동차부두 ,7J선석,MB7-0J
광양여천항,계류시설 M,선석 B,자동차부두 ,7K선석,MB7-0K
광양여천항,계류시설 M,선석 B,컨테이너부두3단계 2차 21선석,,MB7-0Z
광양여천항,계류시설 M,선석 B,LNG 부두 81선석,,MB8-01
광양여천항,계류시설 M,선석 B,중마일반부두,91선석,MB9-01
광양여천항,계류시설 M,선석 B,중마일반부두,92선석,MB9-02
광양여천항,계류시설 M,선석 B,후판로로부두,,MBA-01
광양여천항,계류시설 M,선석 B,낙포석탄부두 ,1번 선석,MBB-01
광양여천항,계류시설 M,선석 B,낙포석탄부두 ,2번 선석,MBB-02
광양여천항,계류시설 M,선석 B,코스모스부두 C1선석,,MBC-01
광양여천항,계류시설 M,선석 B,E1가스부두 E1선석,,MBE-01
광양여천항,계류시설 M,선석 B,GS칼텍스,1선석,MBF-01
광양여천항,계류시설 M,선석 B,제1제품부두,2선석,MBF-02
광양여천항,계류시설 M,선석 B,제1제품부두,3선석,MBF-03
광양여천항,계류시설 M,선석 B,제1제품부두,4선석,MBF-04
광양여천항,계류시설 M,선석 B,제1제품부두,5선석,MBF-05
광양여천항,계류시설 M,선석 B,제1제품부두,6선석,MBF-06
광양여천항,계류시설 M,선석 B,제1제품부두,7선석,MBF-07
광양여천항,계류시설 M,선석 B,제1제품부두,8선석,MBF-08
광양여천항,계류시설 M,선석 B,GS칼텍스 제2제품부두 ,1선석,MBG-01
광양여천항,계류시설 M,선석 B,GS칼텍스 제2제품부두 ,2선석,MBG-02
광양여천항,계류시설 M,선석 B,GS칼텍스 제2제품부두 ,3선석,MBG-03
광양여천항,계류시설 M,선석 B,현대하이스코 부두 H1선석,,MBH-01
광양여천항,계류시설 M,선석 B,율촌 일반부두,,MBI-01
광양여천항,계류시설 M,선석 B,중흥부두,J1선석,MBJ-01
광양여천항,계류시설 M,선석 B,중흥부두,J2선석,MBJ-02
광양여천항,계류시설 M,선석 B,중흥부두,J3선석,MBJ-03
광양여천항,계류시설 M,선석 B,중흥부두,J4선석,MBJ-04
광양여천항,계류시설 M,선석 B,중흥부두,J5선석,MBJ-05
광양여천항,계류시설 M,선석 B,OKYC부두,1번선석,MBK-01
광양여천항,계류시설 M,선석 B,OKYC부두,2번선석,MBK-02
광양여천항,계류시설 M,선석 B,OKYC부두,3번선석,MBK-03
광양여천항,계류시설 M,선석 B,OKYC부두,4번선석,MBK-04
광양여천항,계류시설 M,선석 B,LPG부두 L1선석,,MBL-01
광양여천항,계류시설 M,선석 B,석탄부두 M1선석,,MBM-01
광양여천항,계류시설 M,선석 B,낙포부두,N1선석,MBN-01
광양여천항,계류시설 M,선석 B,낙포부두,N2선석,MBN-02
광양여천항,계류시설 M,선석 B,낙포부두,N3선석,MBN-03
광양여천항,계류시설 M,선석 B,낙포부두,N4선석,MBN-04
광양여천항,계류시설 M,선석 B,낙포부두,N5선석,MBN-05
광양여천항,계류시설 M,선석 B,GS칼텍스 제3제품부두 1번선석,,MBN-31
광양여천항,계류시설 M,선석 B,U-1 입출하부두,,MBO-01
광양여천항,계류시설 M,선석 B,삼남부두 P1선석,,MBP-01
광양여천항,계류시설 M,선석 B,소형선유조선부두,,MBQ-01
광양여천항,계류시설 M,선석 B,LG VCM부두 R1선석,,MBR-01
광양여천항,계류시설 M,선석 B,사포1부두 S1선석,,MBS-01
광양여천항,계류시설 M,선석 B,사포2부두 S2선석,,MBS-02
광양여천항,계류시설 M,선석 B,시멘트전용부두,T1선석,MBT-01
광양여천항,계류시설 M,선석 B,시멘트전용부두,T2선석,MBT-02
광양여천항,계류시설 M,선석 B,시멘트전용부두,T3선석,MBT-03
광양여천항,계류시설 M,선석 B,시멘트전용부두,T4선석,MBT-04
광양여천항,계류시설 M,선석 B,시멘트전용부두,T5선석,MBT-05
광양여천항,계류시설 M,선석 B,시멘트전용부두,T6선석,MBT-06
광양여천항,계류시설 M,선석 B,석유화학부두,1번선석,MBU-01
광양여천항,계류시설 M,선석 B,석유화학부두,2번선석,MBU-02
광양여천항,계류시설 M,선석 B,제2중흥부두,1선석,MBV-01
광양여천항,계류시설 M,선석 B,제2중흥부두,2선석,MBV-02
광양여천항,계류시설 M,선석 B,원유부두,W1선석,MBW-01
광양여천항,계류시설 M,선석 B,원유부두,W2선석,MBW-02
광양여천항,계류시설 M,선석 B,원유부두,W3선석,MBW-03
광양여천항,계류시설 M,선석 B,여천일반부두,1번선석,MBX-01
광양여천항,계류시설 M,선석 B,여천일반부두,2번선석,MBX-02
광양여천항,계류시설 M,선석 B,여수화력석탄부두,,MBY-01
광양여천항,계류시설 M,돌핀 D,LG화학제품부두,1번선석,MDA-01
광양여천항,계류시설 M,돌핀 D,LG화학제품부두,2번선석,MDA-02
광양여천항,계류시설 M,잔교 F,거평화학 잔교,,MFK-01
광양여천항,계류시설 M,소형선부두 W,태인부두,,MW1-01
광양여천항,계류시설 M,소형선부두 W,컨테이너 관용선부두,,MW2-01
광양여천항,계류시설 M,소형선부두 W,컨테이너 관용선부두 2번선석,,MW2-02
광양여천항,계류시설 M,소형선부두 W,낙포 관용선부두 1번선석,,MWB-01
광양여천항,계류시설 M,소형선부두 W,코스모스소형선부두,,MWC-01
광양여천항,계류시설 M,소형선부두 W,월내 소형선부두,,MWE-01
광양여천항,계류시설 M,소형선부두 W,낙포 관공선부두,,MWG-01
광양여천항,계류시설 M,소형선부두 W,한구미 소형선부두,,MWH-01
광양여천항,계류시설 M,소형선부두 W,단지포 소형선부두,,MWI-01
광양여천항,계류시설 M,소형선부두 W,낙포 소형선부두,,MWN-01
광양여천항,계류시설 M,소형선부두 W,율촌 소형선부두,,MWO-01
광양여천항,계류시설 M,소형선부두 W,한라IMS 전용부두,,MWR-01
광양여천항,계류시설 M,소형선부두 W,현대스틸 전용부두,,MWY-01
광양여천항,계류시설 M,소형선부두 W,삼우중공업 전용부두,,MWY-02
광양여천항,수역 W,박지 A,정박지A구역(A1),,WAA-01
광양여천항,수역 W,박지 A,정박지B구역(A2),,WAA-02
광양여천항,수역 W,박지 A,정박지C구역(A3),,WAA-03
광양여천항,수역 W,박지 A,정박지W구역(A4),,WAA-04
광양여천항,수역 W,박지 A,제1검역정박지,,WAC-01
광양여천항,수역 W,박지 A,제2검역정박지,,WAC-02
광양여천항,수역 W,박지 A,정박지D-1구역,,WAD-01
광양여천항,수역 W,박지 A,정박지D-2구역,,WAD-02
광양여천항,수역 W,박지 A,1 정박지,,WAK-01
광양여천항,수역 W,박지 A,2 정박지,,WAK-02
광양여천항,수역 W,박지 A,3 정박지,,WAK-03
광양여천항,수역 W,박지 A,4 정박지,,WAK-04
광양여천항,수역 W,박지 A,5 정박지,,WAK-05
광양여천항,수역 W,박지 A,6 정박지,,WAK-06
광양여천항,수역 W,박지 A,7 정박지,,WAK-07
광양여천항,수역 W,박지 A,8 정박지,,WAK-08
광양여천항,수역 W,박지 A,9 정박지,,WAK-09
광양여천항,수역 W,박지 A,10 정박지,,WAK-10
광양여천항,수역 W,박지 A,11 정박지,,WAK-11
광양여천항,수역 W,박지 A,K-12 정박지,,WAK-12
광양여천항,수역 W,박지 A,K-13 정박지,,WAK-13
포항항,계류시설 M,선석 B,포항 여객부두,,MB1-01
포항항,계류시설 M,선석 B,화물부두 1선석,,MB3-01
포항항,계류시설 M,선석 B,신부두,1선석,MBS-01
포항항,계류시설 M,선석 B,신부두,2선석,MBS-02
포항항,계류시설 M,선석 B,신부두,3선석,MBS-03
포항항,계류시설 M,선석 B,신부두,4선석,MBS-04
포항항,계류시설 M,선석 B,신부두,5선석,MBS-05
포항항,계류시설 M,선석 B,신부두,6선석,MBS-06
포항항,계류시설 M,선석 B,신부두,7선석,MBS-07
포항항,계류시설 M,선석 B,탐사선 부두,,MBT-01
포항항,계류시설 M,소형선부두 W,1물량장,,MW1-01
포항항,계류시설 M,소형선부두 W,2물량장,,MW2-01
포항항,계류시설 M,소형선부두 W,3물량장,,MW3-01
포항항,계류시설 M,소형선부두 W,4물량장,,MW4-01
포항항,계류시설 M,소형선부두 W,어선물량장(송도부두),,MWS-01
포항항,계류시설 M,조선소 Y,모든 조선소,,MYS-01
포항항,수역 W,박지 A,검역묘지 Q,,WAQ-01
포항항,수역 W,박지 A,검역묘지 Q2,,WAQ-02
포항항,수역 W,박지 A,검역묘지 Q3,,WAQ-03
포항항,수역 W,박지 A,S박지,S1,WAS-01
포항항,수역 W,박지 A,S박지,S2,WAS-02
포항항,수역 W,박지 A,S박지,S3,WAS-03
포항항,수역 W,박지 A,S박지,S4,WAS-04
포항항,수역 W,박지 A,S박지,S5,WAS-05
포항신항,계류시설 M,선석 B,1부두,10선석,MB1-00
포항신항,계류시설 M,선석 B,1부두,11선석,MB1-01
포항신항,계류시설 M,선석 B,1부두,12선석,MB1-02
포항신항,계류시설 M,선석 B,1부두,13선석,MB1-03
포항신항,계류시설 M,선석 B,1부두,14선석,MB1-04
포항신항,계류시설 M,선석 B,1부두,11-1선석,MB1-1C
포항신항,계류시설 M,선석 B,2부두,21선석,MB2-01
포항신항,계류시설 M,선석 B,2부두,22선석,MB2-02
포항신항,계류시설 M,선석 B,2부두,23선석,MB2-03
포항신항,계류시설 M,선석 B,2부두,24선석,MB2-04
포항신항,계류시설 M,선석 B,2부두,25선석,MB2-05
포항신항,계류시설 M,선석 B,2부두,26선석,MB2-06
포항신항,계류시설 M,선석 B,3부두,31선석 A,MB3-1A
포항신항,계류시설 M,선석 B,3부두,31선석 B,MB3-1B
포항신항,계류시설 M,선석 B,3부두,32선석 A,MB3-2A
포항신항,계류시설 M,선석 B,3부두,32선석 B,MB3-2B
포항신항,계류시설 M,선석 B,3부두,33선석 A,MB3-3A
포항신항,계류시설 M,선석 B,3부두,33선석 B,MB3-3B
포항신항,계류시설 M,선석 B,4부두,41선석 A,MB4-1A
포항신항,계류시설 M,선석 B,4부두,41선석 B,MB4-1B
포항신항,계류시설 M,선석 B,4부두,42선석 A,MB4-2A
포항신항,계류시설 M,선석 B,4부두,42선석 B,MB4-2B
포항신항,계류시설 M,선석 B,5부두,51선석 A,MB5-1A
포항신항,계류시설 M,선석 B,5부두,51선석 B,MB5-1B
포항신항,계류시설 M,선석 B,5부두,52선석 A,MB5-2A
포항신항,계류시설 M,선석 B,5부두,52선석 B,MB5-2B
포항신항,계류시설 M,선석 B,5부두,53선석 A,MB5-3A
포항신항,계류시설 M,선석 B,5부두,53선석 B,MB5-3B
포항신항,계류시설 M,선석 B,5부두,54선석 A,MB5-4A
포항신항,계류시설 M,선석 B,5부두,54선석 B,MB5-4B
포항신항,계류시설 M,선석 B,6부두,61선석,MB6-01
포항신항,계류시설 M,선석 B,6부두,62선석,MB6-02
포항신항,계류시설 M,선석 B,6부두,63선석,MB6-03
포항신항,계류시설 M,선석 B,6부두,64선석,MB6-04
포항신항,계류시설 M,선석 B,6부두,65선석,MB6-05
포항신항,계류시설 M,선석 B,6부두,62선석 A,MB6-2A
포항신항,계류시설 M,선석 B,6부두,62선석 B,MB6-2B
포항신항,계류시설 M,선석 B,6부두,63선석 A,MB6-3A
포항신항,계류시설 M,선석 B,6부두,63선석 B,MB6-3B
포항신항,계류시설 M,선석 B,7부두,70선석 A,MB7-0A
포항신항,계류시설 M,선석 B,7부두,70선석 B,MB7-0B
포항신항,계류시설 M,선석 B,7부두,71선석 A,MB7-1A
포항신항,계류시설 M,선석 B,7부두,71선석 B,MB7-1B
포항신항,계류시설 M,선석 B,7부두,72선석 A,MB7-2A
포항신항,계류시설 M,선석 B,7부두,72선석 B,MB7-2B
포항신항,계류시설 M,선석 B,7부두,73선석 A,MB7-3A
포항신항,계류시설 M,선석 B,7부두,73선석 B,MB7-3B
포항신항,계류시설 M,선석 B,7부두,74선석 A,MB7-4A
포항신항,계류시설 M,선석 B,7부두,74선석 B,MB7-4B
포항신항,계류시설 M,선석 B,7부두,75선석 A,MB7-5A
포항신항,계류시설 M,선석 B,7부두,75선석 B,MB7-5B
포항신항,계류시설 M,선석 B,7부두,76선석 A,MB7-6A
포항신항,계류시설 M,선석 B,7부두,76선석 B,MB7-6B
포항신항,계류시설 M,선석 B,8부두,81선석 A,MB8-1A
포항신항,계류시설 M,선석 B,8부두,81선석 B,MB8-1B
포항신항,계류시설 M,선석 B,8부두,82선석 A,MB8-2A
포항신항,계류시설 M,선석 B,8부두,82선석 B,MB8-2B
포항신항,계류시설 M,선석 B,8부두,83선석 A,MB8-3A
포항신항,계류시설 M,선석 B,8부두,83선석 B,MB8-3B
포항신항,계류시설 M,선석 B,8부두,84선석 A,MB8-4A
포항신항,계류시설 M,선석 B,8부두,84선석 B,MB8-4B
포항신항,계류시설 M,선석 B,8부두,85선석 A,MB8-5A
포항신항,계류시설 M,선석 B,8부두,85선석 B,MB8-5B
포항신항,계류시설 M,선석 B,8부두,86선석 A,MB8-6A
포항신항,계류시설 M,선석 B,8부두,86선석 B,MB8-6B
포항신항,계류시설 M,선석 B,8부두,87선석 A,MB8-7A
포항신항,계류시설 M,선석 B,8부두,87선석 B,MB8-7B
포항신항,수역 W,박지 A,검역묘지 Q,,WAQ-01
포항신항,수역 W,박지 A,검역묘지 Q2,,WAQ-02
포항신항,수역 W,박지 A,검역묘지 Q3,,WAQ-03
포항신항,수역 W,박지 A,S박지 S1,,WAS-01
포항신항,수역 W,박지 A,S박지 S2,,WAS-02
포항신항,수역 W,박지 A,S박지 S3,,WAS-03
포항신항,수역 W,박지 A,S박지 S4,,WAS-04
포항신항,수역 W,박지 A,S박지 S5,,WAS-05
포항영일항,계류시설 M,선석 B,컨테이너부두,1선석,MBC-01
포항영일항,계류시설 M,선석 B,컨테이너부두,2선석,MBC-02
포항영일항,계류시설 M,선석 B,컨테이너부두,3선석,MBC-03
포항영일항,계류시설 M,선석 B,컨테이너부두,4선석,MBC-04
포항영일항,계류시설 M,선석 B,일반부두,1선석,MBG-01
포항영일항,계류시설 M,선석 B,일반부두,2선석,MBG-02
포항영일항,계류시설 M,선석 B,국제여객부두,,MBP-01
포항영일항,계류시설 M,선석 B,역무선 부두,,MBY-01
포항영일항,계류시설 M,소형선부두 W,어선물량장(영일만항),,MWY-01
포항영일항,수역 W,박지 A,검역묘지 Q,,WAQ-01
포항영일항,수역 W,박지 A,검역묘지 Q2,,WAQ-02
포항영일항,수역 W,박지 A,검역묘지 Q3,,WAQ-03
포항영일항,수역 W,박지 A,S박지,S1,WAS-01
포항영일항,수역 W,박지 A,S박지,S2,WAS-02
포항영일항,수역 W,박지 A,S박지,S3,WAS-03
포항영일항,수역 W,박지 A,S박지,S4,WAS-04
포항영일항,수역 W,박지 A,S박지,S5,WAS-05
마산항,계류시설 M,선석 B,1부두 11선석,,MB1-01
마산항,계류시설 M,선석 B,2부두,21선석,MB2-01
마산항,계류시설 M,선석 B,2부두,22선석,MB2-02
마산항,계류시설 M,선석 B,2부두,23선석,MB2-03
마산항,계류시설 M,선석 B,3부두,31선석,MB3-01
마산항,계류시설 M,선석 B,3부두,32선석,MB3-02
마산항,계류시설 M,선석 B,3부두,33선석,MB3-03
마산항,계류시설 M,선석 B,3부두,34선석,MB3-04
마산항,계류시설 M,선석 B,4부두,41선석,MB4-01
마산항,계류시설 M,선석 B,4부두,42선석,MB4-02
마산항,계류시설 M,선석 B,4부두,43선석,MB4-03
마산항,계류시설 M,선석 B,4부두,44선석,MB4-04
마산항,계류시설 M,선석 B,4부두,45선석,MB4-05
마산항,계류시설 M,선석 B,4부두,46선석,MB4-06
마산항,계류시설 M,선석 B,4부두,47선석,MB4-07
마산항,계류시설 M,선석 B,4부두,48선석,MB4-08
마산항,계류시설 M,선석 B,4부두,49선석,MB4-09
마산항,계류시설 M,선석 B,4부두,49-1선석,MB4-91
마산항,계류시설 M,선석 B,5부두,51선석(공용),MB5-01
마산항,계류시설 M,선석 B,5부두,52선석(공용),MB5-02
마산항,계류시설 M,선석 B,5부두,53선석(공용),MB5-03
마산항,계류시설 M,선석 B,5부두,54선석(공용),MB5-04
마산항,계류시설 M,선석 B,5부두,55선석(TOC),MB5-05
마산항,계류시설 M,선석 B,5부두,56선석(TOC),MB5-06
마산항,계류시설 M,선석 B,5부두,57선석(TOC),MB5-07
마산항,계류시설 M,선석 B,5부두,58선석(TOC),MB5-08
마산항,계류시설 M,선석 B,두산중공업 부두,,MB6-01
마산항,계류시설 M,선석 B,중앙부두 1선석,,MBC-01
마산항,계류시설 M,선석 B,수협부두 1선석,,MBD-01
마산항,계류시설 M,선석 B,동양 부두,,MBE-01
마산항,계류시설 M,선석 B,동림 부두,,MBF-01
마산항,계류시설 M,선석 B,적현 부두,,MBJ-01
마산항,계류시설 M,선석 B,두산엔진 부두,,MBM-01
마산항,계류시설 M,선석 B,가포신항부두,1선석,MBN-01
마산항,계류시설 M,선석 B,가포신항부두,2선석,MBN-02
마산항,계류시설 M,선석 B,가포신항부두,3선석,MBN-03
마산항,계류시설 M,선석 B,가포신항부두,4선석,MBN-04
마산항,계류시설 M,선석 B,가포 관리부두,,MBN-05
마산항,계류시설 M,선석 B,포철부두 1선석,,MBP-01
마산항,계류시설 M,선석 B,포철부두 2선석,,MBP-02
마산항,계류시설 M,선석 B,한라시멘트 부두,,MBR-01
마산항,계류시설 M,선석 B,서항부두 S1 선석,,MBS-01
마산항,계류시설 M,선석 B,서항부두8선석,,MBS-08
마산항,계류시설 M,선석 B,성동조선,,MBT-01
마산항,계류시설 M,선석 B,모래부두,,MBX-01
마산항,계류시설 M,선석 B,SK부두,,MBY-01
마산항,계류시설 M,돌핀 D,적현 돌핀,,MDA-01
마산항,계류시설 M,돌핀 D,GS 돌핀 부두,,MDL-01
마산항,계류시설 M,잔교 F,여객선부두 잔교,,MFP-01
마산항,계류시설 M,기타,제1LNG부두(돌핀),,MGT-01
마산항,계류시설 M,기타,제2LNG부두(돌핀),,MGT-02
마산항,계류시설 M,기타,소형LNG선적부두,,MGT-03
마산항,계류시설 M,소형선부두 W,가포 물양장,,MWG-01
마산항,수역 W,박지 A,A박지,A2선석,WAA-02
마산항,수역 W,박지 A,A박지,A4선석,WAA-04
마산항,수역 W,박지 A,A박지,A6선석,WAA-06
마산항,수역 W,박지 A,A박지,A7선석,WAA-07
삼천포항,계류시설 M,선석 B,삼천포발전,1 부두,MBH-01
삼천포항,계류시설 M,선석 B,삼천포발전,2 부두,MBH-02
삼천포항,계류시설 M,선석 B,삼천포발전,3 부두,MBH-03
삼천포항,계류시설 M,선석 B,고성하이발전,1 부두,MBK-01
삼천포항,계류시설 M,선석 B,고성하이발전,2 부두,MBK-02
삼천포항,계류시설 M,선석 B,고성하이발전,3 부두,MBK-03
삼천포항,계류시설 M,선석 B,신항,1 부두,MBS-01
삼천포항,계류시설 M,선석 B,신항,2 부두,MBS-02
삼천포항,계류시설 M,선석 B,신항,3 부두,MBS-03
삼천포항,계류시설 M,선석 B,신항,4 부두,MBS-04
삼천포항,계류시설 M,선석 B,신항,5 부두,MBS-05
삼천포항,계류시설 M,소형선부두 W,삼천포 발전 소형선부두,,MWH-01
삼천포항,계류시설 M,소형선부두 W,대방 소형선부두,,MWN-01
삼천포항,계류시설 M,소형선부두 W,서동/서방파제 소형선부두,,MWN-02
삼천포항,계류시설 M,소형선부두 W,구항 소형선부두,,MWN-03
삼천포항,계류시설 M,소형선부두 W,팔포 소형선부두,,MWS-01
삼천포항,계류시설 M,소형선부두 W,신항 소형선부두,,MWS-02
삼천포항,계류시설 M,소형선부두 W,신항 소형선부두,,MWS-03
삼천포항,계류시설 M,소형선부두 W,신항 관리부두,,MWS-04
삼천포항,수역 W,박지 A,제1구,,WAA-01
삼천포항,수역 W,박지 A,제2구,,WAA-02
삼천포항,수역 W,박지 A,제3구,,WAA-03
삼천포항,수역 W,박지 A,제4구,,WAA-04
옥포항,계류시설 M,선석 B,옥포 하역부두,,MBO-01
옥포항,계류시설 M,선석 B,옥포 A안벽,,MBO-02
옥포항,계류시설 M,선석 B,옥포 B안벽,,MBO-03
옥포항,계류시설 M,선석 B,옥포 C안벽,,MBO-04
옥포항,계류시설 M,선석 B,옥포 D안벽,,MBO-05
옥포항,계류시설 M,선석 B,옥포 E안벽,,MBO-06
옥포항,계류시설 M,선석 B,옥포 돌핀부두,,MBO-07
옥포항,계류시설 M,선석 B,택사코 안벽,,MBO-08
옥포항,계류시설 M,선석 B,JETTY 안벽,,MBO-09
옥포항,계류시설 M,선석 B,특수선 안벽,,MBO-10
옥포항,계류시설 M,선석 B,느태 안벽,,MBO-11
옥포항,수역 W,박지 A,정박지 A-1,,WAA-01
옥포항,수역 W,박지 A,정박지 A-2,,WAA-02
옥포항,수역 W,박지 A,정박지 A-3,,WAA-03
옥포항,수역 W,박지 A,검역박지 Q,,WAQ-01
장승포항,계류시설 M,선석 B,관공선부두,,MBJ-01
장승포항,계류시설 M,선석 B,수산부두,,MBJ-02
장승포항,계류시설 M,소형선부두 W,제2구 소형선부두,,MWG-02
장승포항,수역 W,박지 A,A 1 박지,,WAA-01
장승포항,수역 W,박지 A,A 2 박지,,WAA-02
장승포항,수역 W,박지 A,검역박지 Q,,WAQ-01
진해항,계류시설 M,선석 B,1 부두 11 선석,,MB1-J1
진해항,계류시설 M,선석 B,1 부두 12 선석,,MB1-J2
진해항,계류시설 M,선석 B,1 부두 13 선석,,MB1-J3
진해항,계류시설 M,선석 B,1 부두 14 선석,,MB1-J4
진해항,계류시설 M,선석 B,1 부두 15 선석,,MB1-J5
진해항,계류시설 M,선석 B,1 부두 16 선석,,MB1-J6
진해항,계류시설 M,선석 B,2 부두 21 선석,,MB2-J1
진해항,계류시설 M,선석 B,2 부두 22 선석,,MB2-J2
진해항,계류시설 M,선석 B,2 부두 23 선석,,MB2-J3
진해항,계류시설 M,선석 B,2 부두 24 선석,,MB2-J4
진해항,계류시설 M,선석 B,2 부두 25 선석,,MB2-J5
진해항,계류시설 M,소형선부두 W,군용물량장,,MWK-J1
진해항,수역 W,박지 A,A 1 박지,,WAA-J1
진해항,수역 W,박지 A,A 2 박지,,WAA-J2
진해항,수역 W,박지 A,검역박지 Q,,WAQ-J1
통영항,계류시설 M,선석 B,동호만 부두,,MBD-01
통영항,계류시설 M,선석 B,일반부두,,MBG-01
통영항,계류시설 M,선석 B,다목적부두,,MBG-02
통영항,계류시설 M,소형선부두 W,동호만 소형선부두,,MWD-01
통영항,계류시설 M,소형선부두 W,일반 소형선부두,,MWG-01
통영항,수역 W,박지 A,정박지,,WAA-C1
통영항,수역 W,박지 A,검역묘지,,WAQ-C1
고현항,계류시설 M,선석 B,하역부두,,MBK-01
고현항,계류시설 M,선석 B,1안벽,,MBK-02
고현항,계류시설 M,선석 B,2안벽,,MBK-03
고현항,계류시설 M,선석 B,3안벽,,MBK-04
고현항,계류시설 M,선석 B,4안벽,,MBK-05
고현항,계류시설 M,선석 B,5안벽,,MBK-06
고현항,계류시설 M,선석 B,6안벽,,MBK-07
고현항,계류시설 M,선석 B,7안벽,,MBK-08
고현항,계류시설 M,선석 B,삼성잔교식 부두,,MBK-09
고현항,계류시설 M,선석 B,제로안벽,,MBK-12
고현항,계류시설 M,선석 B,J안벽,,MBK-13
고현항,계류시설 M,선석 B,8안벽,,MBK-14
고현항,계류시설 M,선석 B,오비부두,,MBK-15
고현항,계류시설 M,선석 B,한내부두-1,,MBK-16
고현항,계류시설 M,선석 B,한내부두-2,,MBK-17
고현항,계류시설 M,소형선부두 W,장평 소형선부두,,MWK-01
고현항,계류시설 M,소형선부두 W,고현 물양장,,MWK-02
고현항,수역 W,박지 A,정박지 제1구(고현),,WAA-K1
고현항,수역 W,박지 A,정박지 제2구(고현),,WAA-K2
고현항,수역 W,박지 A,정박지 제3구(고현),,WAA-K3
고현항,수역 W,박지 A,B정박지 제1구,,WAB-K1
고현항,수역 W,박지 A,B정박지 제2구,,WAB-K2
고현항,수역 W,박지 A,B정박지 제3구,,WAB-K3
고현항,수역 W,박지 A,검역박지 Q,,WAQ-01
하동항,계류시설 M,선석 B,하동발전부두 1부두,,MBD-01
하동항,계류시설 M,선석 B,하동발전부두 2부두,,MBD-02
하동항,계류시설 M,선석 B,하동발전부두 돌핀부두,,MBD-03
하동항,계류시설 M,소형선부두 W,하동화력 소형선부두,,MWD-01
하동항,수역 W,박지 A,C구역 (오동도앞),,WAA-03
하동항,수역 W,박지 A,W구역,,WAA-04
하동항,수역 W,박지 A,D-1 정박지,,WAD-01
하동항,수역 W,박지 A,D-2 (남해 소치도 서쪽),,WAD-02
울산항,계류시설 M,선석 B,1부두 01,,MB1-01
울산항,계류시설 M,선석 B,2부두,1,MB2-01
울산항,계류시설 M,선석 B,2부두,2,MB2-02
울산항,계류시설 M,선석 B,2부두,3,MB2-03
울산항,계류시설 M,선석 B,3부두,1,MB3-01
울산항,계류시설 M,선석 B,3부두,2,MB3-02
울산항,계류시설 M,선석 B,4부두,1,MB4-01
울산항,계류시설 M,선석 B,4부두,2,MB4-02
울산항,계류시설 M,선석 B,5부두 01,,MB5-01
울산항,계류시설 M,선석 B,6부두,1,MB6-01
울산항,계류시설 M,선석 B,6부두,2,MB6-02
울산항,계류시설 M,선석 B,6부두,3,MB6-03
울산항,계류시설 M,선석 B,6부두,4,MB6-04
울산항,계류시설 M,선석 B,6부두,5,MB6-05
울산항,계류시설 M,선석 B,7부두 01,,MB7-01
울산항,계류시설 M,선석 B,8부두,1,MB8-01
울산항,계류시설 M,선석 B,8부두,2,MB8-02
울산항,계류시설 M,선석 B,9부두 01,,MB9-01
울산항,계류시설 M,선석 B,양곡부두,,MBA-01
울산항,계류시설 M,선석 B,신항컨테이너부두 ,1,MBC-01
울산항,계류시설 M,선석 B,신항컨테이너부두 ,2,MBC-02
울산항,계류시설 M,선석 B,신항컨테이너부두 ,3,MBC-03
울산항,계류시설 M,선석 B,신항컨테이너부두 ,4,MBC-04
울산항,계류시설 M,선석 B,S-OIL 4부두 ,1,MBD-01
울산항,계류시설 M,선석 B,S-OIL 4부두 ,2,MBD-02
울산항,계류시설 M,선석 B,S-OIL 4부두 ,3,MBD-03
울산항,계류시설 M,선석 B,신항남 방파제T/S부두 01,,MBF-01
울산항,계류시설 M,선석 B,신항남 방파제T/S부두 02,,MBF-02
울산항,계류시설 M,선석 B,신항북 방파제T/S부두 01,,MBF-03
울산항,계류시설 M,선석 B,신항북 방파제T/S부두 02,,MBF-04
울산항,계류시설 M,선석 B,일반부두,1,MBG-01
울산항,계류시설 M,선석 B,일반부두,2,MBG-02
울산항,계류시설 M,선석 B,일반부두,3,MBG-03
울산항,계류시설 M,선석 B,일반부두,4,MBG-04
울산항,계류시설 M,선석 B,일반부두,5,MBG-05
울산항,계류시설 M,선석 B,일반부두,6,MBG-06
울산항,계류시설 M,선석 B,일반부두,7,MBG-07
울산항,계류시설 M,선석 B,일반부두,8,MBG-08
울산항,계류시설 M,선석 B,화암부두,1,MBH-01
울산항,계류시설 M,선석 B,화암부두,2,MBH-02
울산항,계류시설 M,선석 B,화암부두,3,MBH-03
울산항,계류시설 M,선석 B,화암부두,4,MBH-04
울산항,계류시설 M,선석 B,화암부두,5,MBH-05
울산항,계류시설 M,선석 B,화암부두,6,MBH-06
울산항,계류시설 M,선석 B,자동차부두,1,MBJ-01
울산항,계류시설 M,선석 B,자동차부두,2,MBJ-02
울산항,계류시설 M,선석 B,자동차부두,3,MBJ-03
울산항,계류시설 M,선석 B,달포부두 01,,MBK-01
울산항,계류시설 M,선석 B,가스부두,,MBL-01
울산항,계류시설 M,선석 B,매암부두,,MBM-01
울산항,계류시설 M,선석 B,신항 일반부두 01,,MBN-01
울산항,계류시설 M,선석 B,신항 일반부두 02,,MBN-02
울산항,계류시설 M,선석 B,세방 신항부두,,MBN-11
울산항,계류시설 M,선석 B,현대오일터미널 신항부두,,MBN-12
울산항,계류시설 M,선석 B,정일스톨트헤븐,3부두,MBN-13
울산항,계류시설 M,선석 B,울산신항 ,4부두,MBN-14
울산항,계류시설 M,선석 B,울산신항 ,5부두,MBN-15
울산항,계류시설 M,선석 B,엘에스엠앤엠 신항부두,,MBN-16
울산항,계류시설 M,선석 B,대한통운 신항부두,,MBN-17
울산항,계류시설 M,선석 B,한진 신항부두,,MBN-18
울산항,계류시설 M,선석 B,UTK 신항부두,,MBN-19
울산항,계류시설 M,선석 B,용연부두(1선석),,MBN-26
울산항,계류시설 M,선석 B,용연부두(2선석),,MBN-27
울산항,계류시설 M,선석 B,온산,1부두,MBO-01
울산항,계류시설 M,선석 B,온산,2부두,MBO-02
울산항,계류시설 M,선석 B,온산,3부두,MBO-03
울산항,계류시설 M,선석 B,온산,4부두,MBO-04
울산항,계류시설 M,선석 B,정일컨부두,,MBO-05
울산항,계류시설 M,선석 B,효성부두,,MBO-06
울산항,계류시설 M,선석 B,염포부두 ,1,MBP-01
울산항,계류시설 M,선석 B,염포부두 ,2,MBP-02
울산항,계류시설 M,선석 B,염포부두 ,3,MBP-03
울산항,계류시설 M,선석 B,UTK부두,,MBR-01
울산항,계류시설 M,선석 B,석탄부두 01,,MBT-01
울산항,계류시설 M,선석 B,SK2부두 01,,MBU-01
울산항,계류시설 M,선석 B,SK2부두 02,,MBU-02
울산항,계류시설 M,선석 B,SK1부두 11,,MBU-11
울산항,계류시설 M,선석 B,SK1부두 12,,MBU-12
울산항,계류시설 M,선석 B,용잠부두 01,,MBY-01
울산항,계류시설 M,선석 B,용잠부두 02,,MBY-03
울산항,계류시설 M,돌핀 D,정일,1부두,MDG-01
울산항,계류시설 M,돌핀 D,정일,2부두,MDG-02
울산항,계류시설 M,돌핀 D,S-OIL,1부두,MDS-01
울산항,계류시설 M,돌핀 D,S-OIL,2부두,MDS-02
울산항,계류시설 M,돌핀 D,S-OIL,3부두,MDS-03
울산항,계류시설 M,돌핀 D,SK,3부두,MDU-03
울산항,계류시설 M,돌핀 D,SK,4부두,MDU-04
울산항,계류시설 M,돌핀 D,SK,5부두,MDU-05
울산항,계류시설 M,돌핀 D,SK,6부두,MDU-06
울산항,계류시설 M,돌핀 D,SK,7부두,MDU-07
울산항,계류시설 M,돌핀 D,SK,8부두,MDU-08
울산항,계류시설 M,돌핀 D,유화1부두,,MDW-01
울산항,계류시설 M,돌핀 D,OTK부두,,MDW-02
울산항,계류시설 M,돌핀 D,UTT부두,,MDY-02
울산항,계류시설 M,호안 L,장생포호안,,MLJ-01
울산항,계류시설 M,호안 L,남화부두,,MLU-01
울산항,계류시설 M,안벽 Q,한진부두,,MQJ-01
울산항,계류시설 M,안벽 Q,현대미포의장안벽,1,MQM-01
울산항,계류시설 M,안벽 Q,현대미포의장안벽,2,MQM-02
울산항,계류시설 M,안벽 Q,현대미포의장안벽,3,MQM-03
울산항,계류시설 M,안벽 Q,현대미포의장안벽,4,MQM-04
울산항,계류시설 M,안벽 Q,현대미포의장안벽,5,MQM-05
울산항,계류시설 M,안벽 Q,미포부두 01,,MQP-01
울산항,계류시설 M,안벽 Q,미포부두 02,,MQP-02
울산항,계류시설 M,안벽 Q,현중 해양의장 안벽,,MQP-03
울산항,계류시설 M,기타,S-OIL부이 01,,MUD-01
울산항,계류시설 M,기타,S-OIL부이 02,,MUD-02
울산항,계류시설 M,기타,석유공사부이,,MUT-01
울산항,계류시설 M,기타,SK부이 02,,MUY-02
울산항,계류시설 M,기타,SK부이 03,,MUY-03
울산항,계류시설 M,소형선부두 W,대한유화 소형선부두,,MWD-01
울산항,계류시설 M,소형선부두 W,이진 소형선부두,,MWI-01
울산항,계류시설 M,소형선부두 W,매암 소형선부두,,MWM-01
울산항,계류시설 M,소형선부두 W,신항 부두작업장,,MWS-01
울산항,계류시설 M,소형선부두 W,우봉 소형선부두,,MWW-01
울산항,수역 W,박지 A,벙커링전용 정박지,B11,WAB-11
울산항,수역 W,박지 A,벙커링전용 정박지,B12,WAB-12
울산항,수역 W,박지 A,벙커링전용 정박지,B21,WAB-21
울산항,수역 W,박지 A,벙커링전용 정박지,B22,WAB-22
울산항,수역 W,박지 A,벙커링전용 정박지,B31,WAB-31
울산항,수역 W,박지 A,벙커링전용 정박지,B32,WAB-32
울산항,수역 W,박지 A,정박지,M1,WAE-01
울산항,수역 W,박지 A,정박지,M2,WAE-02
울산항,수역 W,박지 A,정박지,M3,WAE-03
울산항,수역 W,박지 A,정박지,M4,WAM-01
울산항,수역 W,박지 A,정박지,M5,WAM-02
울산항,수역 W,박지 A,정박지,M6,WAM-03
울산항,수역 W,박지 A,정박지,M7,WAM-04
울산항,수역 W,박지 A,정박지,5,WAM-05
울산항,수역 W,박지 A,정박지,6,WAM-06
울산항,수역 W,박지 A,정박지,7,WAM-07
울산항,수역 W,박지 A,미포항 정박지,T1,WAT-01
울산항,수역 W,박지 A,미포항 정박지,T2,WAT-02
울산항,수역 W,박지 A,미포항 정박지,T3,WAT-03
울산항,수역 W,박지 A,정박지-W1,,WAW-01
제주항,계류시설 M,선석 B,제 1부두,11선석,MB1-01
제주항,계류시설 M,선석 B,제 1부두,12선석,MB1-02
제주항,계류시설 M,선석 B,제 1부두,13선석,MB1-03
제주항,계류시설 M,선석 B,제 1부두,14선석,MB1-04
제주항,계류시설 M,선석 B,제 2부두,21선석,MB2-01
제주항,계류시설 M,선석 B,제 2부두,22선석,MB2-02
제주항,계류시설 M,선석 B,제 2부두,23선석,MB2-03
제주항,계류시설 M,선석 B,제 2부두,24선석,MB2-04
제주항,계류시설 M,선석 B,제 3부두,31선석,MB3-01
제주항,계류시설 M,선석 B,제 3부두,32선석,MB3-02
제주항,계류시설 M,선석 B,제 4부두,41선석,MB4-01
제주항,계류시설 M,선석 B,제 4부두,42선석,MB4-02
제주항,계류시설 M,선석 B,제 4부두,43선석,MB4-03
제주항,계류시설 M,선석 B,제 4부두,44선석,MB4-04
제주항,계류시설 M,선석 B,제 4부두,45선석,MB4-05
제주항,계류시설 M,선석 B,제 5부두,51선석,MB5-01
제주항,계류시설 M,선석 B,제 5부두,52선석,MB5-02
제주항,계류시설 M,선석 B,제 5부두,53선석,MB5-03
제주항,계류시설 M,선석 B,제 5부두,54선석,MB5-04
제주항,계류시설 M,선석 B,제 5부두,55선석,MB5-05
제주항,계류시설 M,선석 B,제 6부두,61선석,MB6-01
제주항,계류시설 M,선석 B,제 6부두,62선석,MB6-02
제주항,계류시설 M,선석 B,제 7부두 71선석,,MB7-01
제주항,계류시설 M,선석 B,해경부두 72선석,,MB7-02
제주항,계류시설 M,선석 B,제 8부두 ,81선석,MB8-01
제주항,계류시설 M,선석 B,제 8부두 ,82선석,MB8-02
제주항,계류시설 M,선석 B,제 9부두 91선석,,MB9-01
제주항,계류시설 M,선석 B,제 10부두 1선석,,MBA-01
제주항,계류시설 M,선석 B,제 11부두 111선석,,MBB-01
제주항,계류시설 M,물양장 W,수협 물양장,,MWS-01
제주항,수역 W,박지 A,A-1 정박지,,WAA-01
제주항,수역 W,박지 A,A-2 정박지,,WAA-02
제주항,수역 W,박지 A,A-3 정박지,,WAA-03
제주항,수역 W,박지 A,A-4 정박지,,WAA-04
제주항,수역 W,박지 A,A-5 정박지,,WAA-05
서귀포항,계류시설 M,선석 B,제 2부두,22선석,MB2-02
서귀포항,계류시설 M,선석 B,제 3부두,31선석,MB3-01
서귀포항,계류시설 M,선석 B,제 3부두,32선석,MB3-02
서귀포항,계류시설 M,선석 B,제 3부두,33선석,MB3-03
서귀포항,계류시설 M,선석 B,제 4부두,41선석,MB4-01
서귀포항,계류시설 M,선석 B,제 4부두,42선석,MB4-02
서귀포항,계류시설 M,선석 B,제 5부두,51선석,MB5-01
서귀포항,계류시설 M,선석 B,제 5부두,52선석,MB5-02
서귀포항,계류시설 M,선석 B,제 5부두,53선석,MB5-03
서귀포항,계류시설 M,선석 B,제 6부두,61선석,MB6-01
서귀포항,계류시설 M,선석 B,제 6부두,62선석,MB6-02
서귀포항,계류시설 M,선석 B,제 7부두 71선석,,MB7-01
서귀포항,계류시설 M,선석 B,제8부두,81선석,MB8-01
서귀포항,계류시설 M,선석 B,제8부두,82선석,MB8-02
서귀포항,계류시설 M,선석 B,제8부두,83선석,MB8-03
서귀포항,계류시설 M,선석 B,어선부두,,MBB-01
서귀포항,계류시설 M,선석 B,유람선부두,,MBC-01
서귀포항,계류시설 M,선석 B,강정지구 제1부두 ,11선석,MBG-01
서귀포항,계류시설 M,선석 B,강정지구 제1부두 ,12선석,MBG-02
서귀포항,계류시설 M,선석 B,강정지구 제2부두 ,21선석,MBH-01
서귀포항,계류시설 M,선석 B,강정지구 제2부두 ,22선석,MBH-02